
{
    "version" : "2.4-63",
    "entries" : {
        "Color-Pencil-Transparent-PNG" : {
            "x" : 2,
            "y" : 417,
            "w" : 950,
            "h" : 489,
            "x_shift" : 0,
            "y_shift" : 0,
            "width_untrim" : 952,
            "height_untrim" : 594,
            "pivotX"        : 0.5,
            "pivotY"        : 0.5
        },
        "images"                       : {
            "x" : 2,
            "y" : 203,
            "w" : 240,
            "h" : 210,
            "x_shift" : 0,
            "y_shift" : 0,
            "width_untrim" : 240,
            "height_untrim" : 210,
            "pivotX"        : 0.5,
            "pivotY"        : 0.5
        },
        "eraser"                       : {
            "x" : 2,
            "y" : 2,
            "w" : 203,
            "h" : 197,
            "x_shift" : 0,
            "y_shift" : 0,
            "width_untrim" : 204,
            "height_untrim" : 198,
            "pivotX"        : 0.5,
            "pivotY"        : 0.5
        },
        "booger"                       : {
            "x" : 209,
            "y" : 32,
            "w" : 188,
            "h" : 167,
            "x_shift" : 0,
            "y_shift" : 0,
            "width_untrim" : 190,
            "height_untrim" : 168,
            "pivotX"        : 0.5,
            "pivotY"        : 0.5
        }
    }
}