
{
    "version" : "2.4-63",
    "entries" : {
        "101_Sun_175-200_12_0014" : {
            "x" : 2,
            "y" : 959,
            "w" : 157,
            "h" : 194,
            "x_shift" : 18,
            "y_shift" : 6,
            "width_untrim" : 175,
            "height_untrim" : 200,
            "pivotX"        : 0.5,
            "pivotY"        : 0.5
        },
        "101_Sun_175-200_12_0015" : {
            "x" : 2,
            "y" : 761,
            "w" : 156,
            "h" : 194,
            "x_shift" : 19,
            "y_shift" : 6,
            "width_untrim" : 175,
            "height_untrim" : 200,
            "pivotX"        : 0.5,
            "pivotY"        : 0.5
        },
        "101_Sun_175-200_12_0016" : {
            "x" : 2,
            "y" : 563,
            "w" : 155,
            "h" : 194,
            "x_shift" : 20,
            "y_shift" : 6,
            "width_untrim" : 175,
            "height_untrim" : 200,
            "pivotX"        : 0.5,
            "pivotY"        : 0.5
        },
        "101_Sun_175-200_12_0017" : {
            "x" : 2,
            "y" : 365,
            "w" : 152,
            "h" : 194,
            "x_shift" : 23,
            "y_shift" : 6,
            "width_untrim" : 175,
            "height_untrim" : 200,
            "pivotX"        : 0.5,
            "pivotY"        : 0.5
        },
        "101_Sun_175-200_12_0013" : {
            "x" : 2,
            "y" : 167,
            "w" : 150,
            "h" : 194,
            "x_shift" : 25,
            "y_shift" : 6,
            "width_untrim" : 175,
            "height_untrim" : 200,
            "pivotX"        : 0.5,
            "pivotY"        : 0.5
        },
        "101_Sun_175-200_12_0035" : {
            "x" : 2,
            "y" : 4,
            "w" : 137,
            "h" : 159,
            "x_shift" : 38,
            "y_shift" : 6,
            "width_untrim" : 175,
            "height_untrim" : 200,
            "pivotX"        : 0.5,
            "pivotY"        : 0.5
        },
        "101_Sun_175-200_12_0000" : {
            "x" : 143,
            "y" : 16,
            "w" : 137,
            "h" : 147,
            "x_shift" : 38,
            "y_shift" : 6,
            "width_untrim" : 175,
            "height_untrim" : 200,
            "pivotX"        : 0.5,
            "pivotY"        : 0.5
        },
        "101_Sun_175-200_12_0032" : {
            "x" : 156,
            "y" : 167,
            "w" : 150,
            "h" : 194,
            "x_shift" : 25,
            "y_shift" : 6,
            "width_untrim" : 175,
            "height_untrim" : 200,
            "pivotX"        : 0.5,
            "pivotY"        : 0.5
        },
        "101_Sun_175-200_12_0033" : {
            "x" : 158,
            "y" : 365,
            "w" : 148,
            "h" : 194,
            "x_shift" : 27,
            "y_shift" : 6,
            "width_untrim" : 175,
            "height_untrim" : 200,
            "pivotX"        : 0.5,
            "pivotY"        : 0.5
        },
        "101_Sun_175-200_12_0004" : {
            "x" : 161,
            "y" : 563,
            "w" : 137,
            "h" : 194,
            "x_shift" : 38,
            "y_shift" : 6,
            "width_untrim" : 175,
            "height_untrim" : 200,
            "pivotX"        : 0.5,
            "pivotY"        : 0.5
        },
        "101_Sun_175-200_12_0005" : {
            "x" : 162,
            "y" : 761,
            "w" : 137,
            "h" : 194,
            "x_shift" : 38,
            "y_shift" : 6,
            "width_untrim" : 175,
            "height_untrim" : 200,
            "pivotX"        : 0.5,
            "pivotY"        : 0.5
        },
        "101_Sun_175-200_12_0006" : {
            "x" : 302,
            "y" : 563,
            "w" : 137,
            "h" : 194,
            "x_shift" : 38,
            "y_shift" : 6,
            "width_untrim" : 175,
            "height_untrim" : 200,
            "pivotX"        : 0.5,
            "pivotY"        : 0.5
        },
        "101_Sun_175-200_12_0007" : {
            "x" : 163,
            "y" : 959,
            "w" : 137,
            "h" : 194,
            "x_shift" : 38,
            "y_shift" : 6,
            "width_untrim" : 175,
            "height_untrim" : 200,
            "pivotX"        : 0.5,
            "pivotY"        : 0.5
        },
        "101_Sun_175-200_12_0012" : {
            "x" : 303,
            "y" : 763,
            "w" : 137,
            "h" : 192,
            "x_shift" : 38,
            "y_shift" : 6,
            "width_untrim" : 175,
            "height_untrim" : 200,
            "pivotX"        : 0.5,
            "pivotY"        : 0.5
        },
        "101_Sun_175-200_12_0011" : {
            "x" : 304,
            "y" : 962,
            "w" : 137,
            "h" : 191,
            "x_shift" : 38,
            "y_shift" : 6,
            "width_untrim" : 175,
            "height_untrim" : 200,
            "pivotX"        : 0.5,
            "pivotY"        : 0.5
        },
        "101_Sun_175-200_12_0039" : {
            "x" : 284,
            "y" : 16,
            "w" : 137,
            "h" : 147,
            "x_shift" : 38,
            "y_shift" : 6,
            "width_untrim" : 175,
            "height_untrim" : 200,
            "pivotX"        : 0.5,
            "pivotY"        : 0.5
        },
        "101_Sun_175-200_12_0020" : {
            "x" : 310,
            "y" : 369,
            "w" : 152,
            "h" : 190,
            "x_shift" : 23,
            "y_shift" : 6,
            "width_untrim" : 175,
            "height_untrim" : 200,
            "pivotX"        : 0.5,
            "pivotY"        : 0.5
        },
        "101_Sun_175-200_12_0021" : {
            "x" : 443,
            "y" : 569,
            "w" : 152,
            "h" : 190,
            "x_shift" : 23,
            "y_shift" : 6,
            "width_untrim" : 175,
            "height_untrim" : 200,
            "pivotX"        : 0.5,
            "pivotY"        : 0.5
        },
        "101_Sun_175-200_12_0022" : {
            "x" : 444,
            "y" : 768,
            "w" : 152,
            "h" : 190,
            "x_shift" : 23,
            "y_shift" : 6,
            "width_untrim" : 175,
            "height_untrim" : 200,
            "pivotX"        : 0.5,
            "pivotY"        : 0.5
        },
        "101_Sun_175-200_12_0023" : {
            "x" : 445,
            "y" : 963,
            "w" : 152,
            "h" : 190,
            "x_shift" : 23,
            "y_shift" : 6,
            "width_untrim" : 175,
            "height_untrim" : 200,
            "pivotX"        : 0.5,
            "pivotY"        : 0.5
        },
        "101_Sun_175-200_12_0024" : {
            "x" : 310,
            "y" : 175,
            "w" : 152,
            "h" : 190,
            "x_shift" : 23,
            "y_shift" : 6,
            "width_untrim" : 175,
            "height_untrim" : 200,
            "pivotX"        : 0.5,
            "pivotY"        : 0.5
        },
        "101_Sun_175-200_12_0036" : {
            "x" : 425,
            "y" : 25,
            "w" : 137,
            "h" : 146,
            "x_shift" : 38,
            "y_shift" : 6,
            "width_untrim" : 175,
            "height_untrim" : 200,
            "pivotX"        : 0.5,
            "pivotY"        : 0.5
        },
        "101_Sun_175-200_12_0025" : {
            "x" : 466,
            "y" : 375,
            "w" : 152,
            "h" : 190,
            "x_shift" : 23,
            "y_shift" : 6,
            "width_untrim" : 175,
            "height_untrim" : 200,
            "pivotX"        : 0.5,
            "pivotY"        : 0.5
        },
        "101_Sun_175-200_12_0026" : {
            "x" : 599,
            "y" : 574,
            "w" : 152,
            "h" : 190,
            "x_shift" : 23,
            "y_shift" : 6,
            "width_untrim" : 175,
            "height_untrim" : 200,
            "pivotX"        : 0.5,
            "pivotY"        : 0.5
        },
        "101_Sun_175-200_12_0027" : {
            "x" : 600,
            "y" : 769,
            "w" : 152,
            "h" : 190,
            "x_shift" : 23,
            "y_shift" : 6,
            "width_untrim" : 175,
            "height_untrim" : 200,
            "pivotX"        : 0.5,
            "pivotY"        : 0.5
        },
        "101_Sun_175-200_12_0028" : {
            "x" : 601,
            "y" : 963,
            "w" : 152,
            "h" : 190,
            "x_shift" : 23,
            "y_shift" : 6,
            "width_untrim" : 175,
            "height_untrim" : 200,
            "pivotX"        : 0.5,
            "pivotY"        : 0.5
        },
        "101_Sun_175-200_12_0029" : {
            "x" : 466,
            "y" : 181,
            "w" : 152,
            "h" : 190,
            "x_shift" : 23,
            "y_shift" : 6,
            "width_untrim" : 175,
            "height_untrim" : 200,
            "pivotX"        : 0.5,
            "pivotY"        : 0.5
        },
        "101_Sun_175-200_12_0003" : {
            "x" : 566,
            "y" : 3,
            "w" : 137,
            "h" : 174,
            "x_shift" : 38,
            "y_shift" : 6,
            "width_untrim" : 175,
            "height_untrim" : 200,
            "pivotX"        : 0.5,
            "pivotY"        : 0.5
        },
        "101_Sun_175-200_12_0030" : {
            "x" : 622,
            "y" : 380,
            "w" : 152,
            "h" : 190,
            "x_shift" : 23,
            "y_shift" : 6,
            "width_untrim" : 175,
            "height_untrim" : 200,
            "pivotX"        : 0.5,
            "pivotY"        : 0.5
        },
        "101_Sun_175-200_12_0031" : {
            "x" : 755,
            "y" : 575,
            "w" : 152,
            "h" : 190,
            "x_shift" : 23,
            "y_shift" : 6,
            "width_untrim" : 175,
            "height_untrim" : 200,
            "pivotX"        : 0.5,
            "pivotY"        : 0.5
        },
        "101_Sun_175-200_12_0018" : {
            "x" : 756,
            "y" : 769,
            "w" : 151,
            "h" : 190,
            "x_shift" : 24,
            "y_shift" : 6,
            "width_untrim" : 175,
            "height_untrim" : 200,
            "pivotX"        : 0.5,
            "pivotY"        : 0.5
        },
        "101_Sun_175-200_12_0019" : {
            "x" : 757,
            "y" : 963,
            "w" : 151,
            "h" : 190,
            "x_shift" : 24,
            "y_shift" : 6,
            "width_untrim" : 175,
            "height_untrim" : 200,
            "pivotX"        : 0.5,
            "pivotY"        : 0.5
        },
        "101_Sun_175-200_12_0010" : {
            "x" : 622,
            "y" : 190,
            "w" : 137,
            "h" : 186,
            "x_shift" : 38,
            "y_shift" : 6,
            "width_untrim" : 175,
            "height_untrim" : 200,
            "pivotX"        : 0.5,
            "pivotY"        : 0.5
        },
        "101_Sun_175-200_12_0034" : {
            "x" : 707,
            "y" : 2,
            "w" : 139,
            "h" : 184,
            "x_shift" : 36,
            "y_shift" : 6,
            "width_untrim" : 175,
            "height_untrim" : 200,
            "pivotX"        : 0.5,
            "pivotY"        : 0.5
        },
        "101_Sun_175-200_12_0008" : {
            "x" : 763,
            "y" : 198,
            "w" : 137,
            "h" : 178,
            "x_shift" : 38,
            "y_shift" : 6,
            "width_untrim" : 175,
            "height_untrim" : 200,
            "pivotX"        : 0.5,
            "pivotY"        : 0.5
        },
        "101_Sun_175-200_12_0009" : {
            "x" : 778,
            "y" : 393,
            "w" : 137,
            "h" : 178,
            "x_shift" : 38,
            "y_shift" : 6,
            "width_untrim" : 175,
            "height_untrim" : 200,
            "pivotX"        : 0.5,
            "pivotY"        : 0.5
        },
        "101_Sun_175-200_12_0038" : {
            "x" : 850,
            "y" : 48,
            "w" : 137,
            "h" : 146,
            "x_shift" : 38,
            "y_shift" : 6,
            "width_untrim" : 175,
            "height_untrim" : 200,
            "pivotX"        : 0.5,
            "pivotY"        : 0.5
        },
        "101_Sun_175-200_12_0002" : {
            "x" : 991,
            "y" : 1010,
            "w" : 137,
            "h" : 143,
            "x_shift" : 38,
            "y_shift" : 6,
            "width_untrim" : 175,
            "height_untrim" : 200,
            "pivotX"        : 0.5,
            "pivotY"        : 0.5
        },
        "101_Sun_175-200_12_0037" : {
            "x" : 991,
            "y" : 864,
            "w" : 137,
            "h" : 142,
            "x_shift" : 38,
            "y_shift" : 6,
            "width_untrim" : 175,
            "height_untrim" : 200,
            "pivotX"        : 0.5,
            "pivotY"        : 0.5
        },
        "101_Sun_175-200_12_0001" : {
            "x" : 991,
            "y" : 719,
            "w" : 137,
            "h" : 141,
            "x_shift" : 38,
            "y_shift" : 6,
            "width_untrim" : 175,
            "height_untrim" : 200,
            "pivotX"        : 0.5,
            "pivotY"        : 0.5
        }
    }
}