
{
    "version" : "2.4-63",
    "entries" : {
        "frog_640_360_30_00039" : {
            "x" : 2,
            "y" : 1375,
            "w" : 328,
            "h" : 235,
            "x_shift" : 171,
            "y_shift" : 112,
            "width_untrim" : 640,
            "height_untrim" : 360,
            "pivotX"        : 0.5,
            "pivotY"        : 0.5
        },
        "frog_640_360_30_00040" : {
            "x" : 334,
            "y" : 1379,
            "w" : 328,
            "h" : 231,
            "x_shift" : 171,
            "y_shift" : 113,
            "width_untrim" : 640,
            "height_untrim" : 360,
            "pivotX"        : 0.5,
            "pivotY"        : 0.5
        },
        "frog_640_360_30_00041" : {
            "x" : 666,
            "y" : 1381,
            "w" : 328,
            "h" : 229,
            "x_shift" : 171,
            "y_shift" : 113,
            "width_untrim" : 640,
            "height_untrim" : 360,
            "pivotX"        : 0.5,
            "pivotY"        : 0.5
        },
        "frog_640_360_30_00042" : {
            "x" : 998,
            "y" : 1385,
            "w" : 328,
            "h" : 225,
            "x_shift" : 171,
            "y_shift" : 114,
            "width_untrim" : 640,
            "height_untrim" : 360,
            "pivotX"        : 0.5,
            "pivotY"        : 0.5
        },
        "frog_640_360_30_00007" : {
            "x" : 1330,
            "y" : 1454,
            "w" : 266,
            "h" : 156,
            "x_shift" : 137,
            "y_shift" : 204,
            "width_untrim" : 640,
            "height_untrim" : 360,
            "pivotX"        : 0.5,
            "pivotY"        : 0.5
        },
        "frog_640_360_30_00000" : {
            "x" : 1600,
            "y" : 1609,
            "w" : 1,
            "h" : 1,
            "x_shift" : 0,
            "y_shift" : 0,
            "width_untrim" : 640,
            "height_untrim" : 360,
            "pivotX"        : 0.5,
            "pivotY"        : 0.5
        },
        "frog_640_360_30_00001" : {
            "x" : 1600,
            "y" : 1609,
            "w" : 1,
            "h" : 1,
            "x_shift" : 0,
            "y_shift" : 0,
            "width_untrim" : 640,
            "height_untrim" : 360,
            "pivotX"        : 0.5,
            "pivotY"        : 0.5
        },
        "frog_640_360_30_00002" : {
            "x" : 1600,
            "y" : 1609,
            "w" : 1,
            "h" : 1,
            "x_shift" : 0,
            "y_shift" : 0,
            "width_untrim" : 640,
            "height_untrim" : 360,
            "pivotX"        : 0.5,
            "pivotY"        : 0.5
        },
        "frog_640_360_30_00064" : {
            "x" : 1600,
            "y" : 1609,
            "w" : 1,
            "h" : 1,
            "x_shift" : 0,
            "y_shift" : 0,
            "width_untrim" : 640,
            "height_untrim" : 360,
            "pivotX"        : 0.5,
            "pivotY"        : 0.5
        },
        "frog_640_360_30_00059" : {
            "x" : 1330,
            "y" : 1279,
            "w" : 258,
            "h" : 171,
            "x_shift" : 300,
            "y_shift" : 189,
            "width_untrim" : 640,
            "height_untrim" : 360,
            "pivotX"        : 0.5,
            "pivotY"        : 0.5
        },
        "frog_640_360_30_00043" : {
            "x" : 998,
            "y" : 1159,
            "w" : 328,
            "h" : 222,
            "x_shift" : 171,
            "y_shift" : 114,
            "width_untrim" : 640,
            "height_untrim" : 360,
            "pivotX"        : 0.5,
            "pivotY"        : 0.5
        },
        "frog_640_360_30_00044" : {
            "x" : 666,
            "y" : 1159,
            "w" : 328,
            "h" : 218,
            "x_shift" : 171,
            "y_shift" : 115,
            "width_untrim" : 640,
            "height_untrim" : 360,
            "pivotX"        : 0.5,
            "pivotY"        : 0.5
        },
        "frog_640_360_30_00045" : {
            "x" : 666,
            "y" : 1159,
            "w" : 328,
            "h" : 218,
            "x_shift" : 171,
            "y_shift" : 115,
            "width_untrim" : 640,
            "height_untrim" : 360,
            "pivotX"        : 0.5,
            "pivotY"        : 0.5
        },
        "frog_640_360_30_00046" : {
            "x" : 666,
            "y" : 1159,
            "w" : 328,
            "h" : 218,
            "x_shift" : 171,
            "y_shift" : 115,
            "width_untrim" : 640,
            "height_untrim" : 360,
            "pivotX"        : 0.5,
            "pivotY"        : 0.5
        },
        "frog_640_360_30_00047" : {
            "x" : 666,
            "y" : 1159,
            "w" : 328,
            "h" : 218,
            "x_shift" : 171,
            "y_shift" : 115,
            "width_untrim" : 640,
            "height_untrim" : 360,
            "pivotX"        : 0.5,
            "pivotY"        : 0.5
        },
        "frog_640_360_30_00048" : {
            "x" : 666,
            "y" : 1159,
            "w" : 328,
            "h" : 218,
            "x_shift" : 171,
            "y_shift" : 115,
            "width_untrim" : 640,
            "height_untrim" : 360,
            "pivotX"        : 0.5,
            "pivotY"        : 0.5
        },
        "frog_640_360_30_00049" : {
            "x" : 666,
            "y" : 1159,
            "w" : 328,
            "h" : 218,
            "x_shift" : 171,
            "y_shift" : 115,
            "width_untrim" : 640,
            "height_untrim" : 360,
            "pivotX"        : 0.5,
            "pivotY"        : 0.5
        },
        "frog_640_360_30_00050" : {
            "x" : 666,
            "y" : 1159,
            "w" : 328,
            "h" : 218,
            "x_shift" : 171,
            "y_shift" : 115,
            "width_untrim" : 640,
            "height_untrim" : 360,
            "pivotX"        : 0.5,
            "pivotY"        : 0.5
        },
        "frog_640_360_30_00051" : {
            "x" : 666,
            "y" : 1159,
            "w" : 328,
            "h" : 218,
            "x_shift" : 171,
            "y_shift" : 115,
            "width_untrim" : 640,
            "height_untrim" : 360,
            "pivotX"        : 0.5,
            "pivotY"        : 0.5
        },
        "frog_640_360_30_00052" : {
            "x" : 666,
            "y" : 1159,
            "w" : 328,
            "h" : 218,
            "x_shift" : 171,
            "y_shift" : 115,
            "width_untrim" : 640,
            "height_untrim" : 360,
            "pivotX"        : 0.5,
            "pivotY"        : 0.5
        },
        "frog_640_360_30_00053" : {
            "x" : 666,
            "y" : 1159,
            "w" : 328,
            "h" : 218,
            "x_shift" : 171,
            "y_shift" : 115,
            "width_untrim" : 640,
            "height_untrim" : 360,
            "pivotX"        : 0.5,
            "pivotY"        : 0.5
        },
        "frog_640_360_30_00054" : {
            "x" : 334,
            "y" : 1167,
            "w" : 328,
            "h" : 208,
            "x_shift" : 171,
            "y_shift" : 116,
            "width_untrim" : 640,
            "height_untrim" : 360,
            "pivotX"        : 0.5,
            "pivotY"        : 0.5
        },
        "frog_640_360_30_00055" : {
            "x" : 2,
            "y" : 1173,
            "w" : 328,
            "h" : 198,
            "x_shift" : 171,
            "y_shift" : 118,
            "width_untrim" : 640,
            "height_untrim" : 360,
            "pivotX"        : 0.5,
            "pivotY"        : 0.5
        },
        "frog_640_360_30_00056" : {
            "x" : 2,
            "y" : 982,
            "w" : 328,
            "h" : 187,
            "x_shift" : 171,
            "y_shift" : 120,
            "width_untrim" : 640,
            "height_untrim" : 360,
            "pivotX"        : 0.5,
            "pivotY"        : 0.5
        },
        "frog_640_360_30_00057" : {
            "x" : 334,
            "y" : 985,
            "w" : 328,
            "h" : 178,
            "x_shift" : 171,
            "y_shift" : 121,
            "width_untrim" : 640,
            "height_untrim" : 360,
            "pivotX"        : 0.5,
            "pivotY"        : 0.5
        },
        "frog_640_360_30_00006" : {
            "x" : 1330,
            "y" : 1165,
            "w" : 251,
            "h" : 110,
            "x_shift" : 119,
            "y_shift" : 250,
            "width_untrim" : 640,
            "height_untrim" : 360,
            "pivotX"        : 0.5,
            "pivotY"        : 0.5
        },
        "frog_640_360_30_00060" : {
            "x" : 1330,
            "y" : 1024,
            "w" : 223,
            "h" : 137,
            "x_shift" : 364,
            "y_shift" : 223,
            "width_untrim" : 640,
            "height_untrim" : 360,
            "pivotX"        : 0.5,
            "pivotY"        : 0.5
        },
        "frog_640_360_30_00063" : {
            "x" : 1557,
            "y" : 1154,
            "w" : 38,
            "h" : 7,
            "x_shift" : 602,
            "y_shift" : 353,
            "width_untrim" : 640,
            "height_untrim" : 360,
            "pivotX"        : 0.5,
            "pivotY"        : 0.5
        },
        "frog_640_360_30_00009" : {
            "x" : 666,
            "y" : 916,
            "w" : 315,
            "h" : 239,
            "x_shift" : 157,
            "y_shift" : 106,
            "width_untrim" : 640,
            "height_untrim" : 360,
            "pivotX"        : 0.5,
            "pivotY"        : 0.5
        },
        "frog_640_360_30_00037" : {
            "x" : 334,
            "y" : 743,
            "w" : 315,
            "h" : 238,
            "x_shift" : 157,
            "y_shift" : 122,
            "width_untrim" : 640,
            "height_untrim" : 360,
            "pivotX"        : 0.5,
            "pivotY"        : 0.5
        },
        "frog_640_360_30_00038" : {
            "x" : 334,
            "y" : 743,
            "w" : 315,
            "h" : 238,
            "x_shift" : 157,
            "y_shift" : 122,
            "width_untrim" : 640,
            "height_untrim" : 360,
            "pivotX"        : 0.5,
            "pivotY"        : 0.5
        },
        "frog_640_360_30_00036" : {
            "x" : 2,
            "y" : 744,
            "w" : 315,
            "h" : 234,
            "x_shift" : 157,
            "y_shift" : 119,
            "width_untrim" : 640,
            "height_untrim" : 360,
            "pivotX"        : 0.5,
            "pivotY"        : 0.5
        },
        "frog_640_360_30_00010" : {
            "x" : 2,
            "y" : 507,
            "w" : 315,
            "h" : 233,
            "x_shift" : 157,
            "y_shift" : 106,
            "width_untrim" : 640,
            "height_untrim" : 360,
            "pivotX"        : 0.5,
            "pivotY"        : 0.5
        },
        "frog_640_360_30_00035" : {
            "x" : 985,
            "y" : 926,
            "w" : 315,
            "h" : 229,
            "x_shift" : 157,
            "y_shift" : 116,
            "width_untrim" : 640,
            "height_untrim" : 360,
            "pivotX"        : 0.5,
            "pivotY"        : 0.5
        },
        "frog_640_360_30_00008" : {
            "x" : 1304,
            "y" : 814,
            "w" : 299,
            "h" : 206,
            "x_shift" : 144,
            "y_shift" : 154,
            "width_untrim" : 640,
            "height_untrim" : 360,
            "pivotX"        : 0.5,
            "pivotY"        : 0.5
        },
        "frog_640_360_30_00011" : {
            "x" : 985,
            "y" : 694,
            "w" : 315,
            "h" : 228,
            "x_shift" : 157,
            "y_shift" : 105,
            "width_untrim" : 640,
            "height_untrim" : 360,
            "pivotX"        : 0.5,
            "pivotY"        : 0.5
        },
        "frog_640_360_30_00034" : {
            "x" : 653,
            "y" : 688,
            "w" : 315,
            "h" : 224,
            "x_shift" : 157,
            "y_shift" : 113,
            "width_untrim" : 640,
            "height_untrim" : 360,
            "pivotX"        : 0.5,
            "pivotY"        : 0.5
        },
        "frog_640_360_30_00012" : {
            "x" : 321,
            "y" : 516,
            "w" : 315,
            "h" : 223,
            "x_shift" : 157,
            "y_shift" : 105,
            "width_untrim" : 640,
            "height_untrim" : 360,
            "pivotX"        : 0.5,
            "pivotY"        : 0.5
        },
        "frog_640_360_30_00058" : {
            "x" : 1304,
            "y" : 605,
            "w" : 293,
            "h" : 205,
            "x_shift" : 235,
            "y_shift" : 155,
            "width_untrim" : 640,
            "height_untrim" : 360,
            "pivotX"        : 0.5,
            "pivotY"        : 0.5
        },
        "frog_640_360_30_00021" : {
            "x" : 972,
            "y" : 467,
            "w" : 315,
            "h" : 223,
            "x_shift" : 157,
            "y_shift" : 109,
            "width_untrim" : 640,
            "height_untrim" : 360,
            "pivotX"        : 0.5,
            "pivotY"        : 0.5
        },
        "frog_640_360_30_00022" : {
            "x" : 972,
            "y" : 467,
            "w" : 315,
            "h" : 223,
            "x_shift" : 157,
            "y_shift" : 109,
            "width_untrim" : 640,
            "height_untrim" : 360,
            "pivotX"        : 0.5,
            "pivotY"        : 0.5
        },
        "frog_640_360_30_00020" : {
            "x" : 1291,
            "y" : 380,
            "w" : 315,
            "h" : 221,
            "x_shift" : 157,
            "y_shift" : 109,
            "width_untrim" : 640,
            "height_untrim" : 360,
            "pivotX"        : 0.5,
            "pivotY"        : 0.5
        },
        "frog_640_360_30_00023" : {
            "x" : 1291,
            "y" : 380,
            "w" : 315,
            "h" : 221,
            "x_shift" : 157,
            "y_shift" : 109,
            "width_untrim" : 640,
            "height_untrim" : 360,
            "pivotX"        : 0.5,
            "pivotY"        : 0.5
        },
        "frog_640_360_30_00019" : {
            "x" : 640,
            "y" : 466,
            "w" : 315,
            "h" : 218,
            "x_shift" : 157,
            "y_shift" : 110,
            "width_untrim" : 640,
            "height_untrim" : 360,
            "pivotX"        : 0.5,
            "pivotY"        : 0.5
        },
        "frog_640_360_30_00024" : {
            "x" : 640,
            "y" : 466,
            "w" : 315,
            "h" : 218,
            "x_shift" : 157,
            "y_shift" : 110,
            "width_untrim" : 640,
            "height_untrim" : 360,
            "pivotX"        : 0.5,
            "pivotY"        : 0.5
        },
        "frog_640_360_30_00025" : {
            "x" : 640,
            "y" : 466,
            "w" : 315,
            "h" : 218,
            "x_shift" : 157,
            "y_shift" : 110,
            "width_untrim" : 640,
            "height_untrim" : 360,
            "pivotX"        : 0.5,
            "pivotY"        : 0.5
        },
        "frog_640_360_30_00026" : {
            "x" : 640,
            "y" : 466,
            "w" : 315,
            "h" : 218,
            "x_shift" : 157,
            "y_shift" : 110,
            "width_untrim" : 640,
            "height_untrim" : 360,
            "pivotX"        : 0.5,
            "pivotY"        : 0.5
        },
        "frog_640_360_30_00027" : {
            "x" : 640,
            "y" : 466,
            "w" : 315,
            "h" : 218,
            "x_shift" : 157,
            "y_shift" : 110,
            "width_untrim" : 640,
            "height_untrim" : 360,
            "pivotX"        : 0.5,
            "pivotY"        : 0.5
        },
        "frog_640_360_30_00028" : {
            "x" : 640,
            "y" : 466,
            "w" : 315,
            "h" : 218,
            "x_shift" : 157,
            "y_shift" : 110,
            "width_untrim" : 640,
            "height_untrim" : 360,
            "pivotX"        : 0.5,
            "pivotY"        : 0.5
        },
        "frog_640_360_30_00029" : {
            "x" : 640,
            "y" : 466,
            "w" : 315,
            "h" : 218,
            "x_shift" : 157,
            "y_shift" : 110,
            "width_untrim" : 640,
            "height_untrim" : 360,
            "pivotX"        : 0.5,
            "pivotY"        : 0.5
        },
        "frog_640_360_30_00030" : {
            "x" : 640,
            "y" : 466,
            "w" : 315,
            "h" : 218,
            "x_shift" : 157,
            "y_shift" : 110,
            "width_untrim" : 640,
            "height_untrim" : 360,
            "pivotX"        : 0.5,
            "pivotY"        : 0.5
        },
        "frog_640_360_30_00031" : {
            "x" : 640,
            "y" : 466,
            "w" : 315,
            "h" : 218,
            "x_shift" : 157,
            "y_shift" : 110,
            "width_untrim" : 640,
            "height_untrim" : 360,
            "pivotX"        : 0.5,
            "pivotY"        : 0.5
        },
        "frog_640_360_30_00032" : {
            "x" : 640,
            "y" : 466,
            "w" : 315,
            "h" : 218,
            "x_shift" : 157,
            "y_shift" : 110,
            "width_untrim" : 640,
            "height_untrim" : 360,
            "pivotX"        : 0.5,
            "pivotY"        : 0.5
        },
        "frog_640_360_30_00033" : {
            "x" : 640,
            "y" : 466,
            "w" : 315,
            "h" : 218,
            "x_shift" : 157,
            "y_shift" : 110,
            "width_untrim" : 640,
            "height_untrim" : 360,
            "pivotX"        : 0.5,
            "pivotY"        : 0.5
        },
        "frog_640_360_30_00013" : {
            "x" : 321,
            "y" : 295,
            "w" : 315,
            "h" : 217,
            "x_shift" : 157,
            "y_shift" : 105,
            "width_untrim" : 640,
            "height_untrim" : 360,
            "pivotX"        : 0.5,
            "pivotY"        : 0.5
        },
        "frog_640_360_30_00018" : {
            "x" : 2,
            "y" : 286,
            "w" : 315,
            "h" : 217,
            "x_shift" : 157,
            "y_shift" : 109,
            "width_untrim" : 640,
            "height_untrim" : 360,
            "pivotX"        : 0.5,
            "pivotY"        : 0.5
        },
        "frog_640_360_30_00017" : {
            "x" : 959,
            "y" : 247,
            "w" : 315,
            "h" : 216,
            "x_shift" : 157,
            "y_shift" : 108,
            "width_untrim" : 640,
            "height_untrim" : 360,
            "pivotX"        : 0.5,
            "pivotY"        : 0.5
        },
        "frog_640_360_30_00016" : {
            "x" : 640,
            "y" : 248,
            "w" : 315,
            "h" : 214,
            "x_shift" : 157,
            "y_shift" : 107,
            "width_untrim" : 640,
            "height_untrim" : 360,
            "pivotX"        : 0.5,
            "pivotY"        : 0.5
        },
        "frog_640_360_30_00015" : {
            "x" : 321,
            "y" : 78,
            "w" : 315,
            "h" : 213,
            "x_shift" : 157,
            "y_shift" : 106,
            "width_untrim" : 640,
            "height_untrim" : 360,
            "pivotX"        : 0.5,
            "pivotY"        : 0.5
        },
        "frog_640_360_30_00014" : {
            "x" : 640,
            "y" : 33,
            "w" : 315,
            "h" : 211,
            "x_shift" : 157,
            "y_shift" : 105,
            "width_untrim" : 640,
            "height_untrim" : 360,
            "pivotX"        : 0.5,
            "pivotY"        : 0.5
        },
        "frog_640_360_30_00005" : {
            "x" : 2,
            "y" : 2,
            "w" : 204,
            "h" : 72,
            "x_shift" : 89,
            "y_shift" : 288,
            "width_untrim" : 640,
            "height_untrim" : 360,
            "pivotX"        : 0.5,
            "pivotY"        : 0.5
        },
        "frog_640_360_30_00003" : {
            "x" : 210,
            "y" : 11,
            "w" : 116,
            "h" : 18,
            "x_shift" : 49,
            "y_shift" : 342,
            "width_untrim" : 640,
            "height_untrim" : 360,
            "pivotX"        : 0.5,
            "pivotY"        : 0.5
        },
        "frog_640_360_30_00004" : {
            "x" : 210,
            "y" : 33,
            "w" : 190,
            "h" : 41,
            "x_shift" : 52,
            "y_shift" : 319,
            "width_untrim" : 640,
            "height_untrim" : 360,
            "pivotX"        : 0.5,
            "pivotY"        : 0.5
        },
        "frog_640_360_30_00062" : {
            "x" : 404,
            "y" : 23,
            "w" : 120,
            "h" : 51,
            "x_shift" : 520,
            "y_shift" : 309,
            "width_untrim" : 640,
            "height_untrim" : 360,
            "pivotX"        : 0.5,
            "pivotY"        : 0.5
        },
        "frog_640_360_30_00061" : {
            "x" : 2,
            "y" : 188,
            "w" : 221,
            "h" : 94,
            "x_shift" : 413,
            "y_shift" : 266,
            "width_untrim" : 640,
            "height_untrim" : 360,
            "pivotX"        : 0.5,
            "pivotY"        : 0.5
        }
    }
}