
{
    "version" : "2.4-63",
    "entries" : {
        "207_i05_Button_300_300_24_00000" : {
            "x" : 2,
            "y" : 126,
            "w" : 202,
            "h" : 141,
            "x_shift" : 51,
            "y_shift" : 85,
            "width_untrim" : 300,
            "height_untrim" : 300,
            "pivotX"        : 0.5,
            "pivotY"        : 0.5
        },
        "207_i05_Button_300_300_24_00007" : {
            "x" : 2,
            "y" : 126,
            "w" : 202,
            "h" : 141,
            "x_shift" : 51,
            "y_shift" : 85,
            "width_untrim" : 300,
            "height_untrim" : 300,
            "pivotX"        : 0.5,
            "pivotY"        : 0.5
        },
        "207_i05_Button_300_300_24_00001" : {
            "x" : 208,
            "y" : 131,
            "w" : 201,
            "h" : 136,
            "x_shift" : 51,
            "y_shift" : 85,
            "width_untrim" : 300,
            "height_untrim" : 300,
            "pivotX"        : 0.5,
            "pivotY"        : 0.5
        },
        "207_i05_Button_300_300_24_00006" : {
            "x" : 208,
            "y" : 131,
            "w" : 201,
            "h" : 136,
            "x_shift" : 51,
            "y_shift" : 85,
            "width_untrim" : 300,
            "height_untrim" : 300,
            "pivotX"        : 0.5,
            "pivotY"        : 0.5
        },
        "207_i05_Button_300_300_24_00002" : {
            "x" : 208,
            "y" : 2,
            "w" : 198,
            "h" : 125,
            "x_shift" : 53,
            "y_shift" : 85,
            "width_untrim" : 300,
            "height_untrim" : 300,
            "pivotX"        : 0.5,
            "pivotY"        : 0.5
        },
        "207_i05_Button_300_300_24_00005" : {
            "x" : 208,
            "y" : 2,
            "w" : 198,
            "h" : 125,
            "x_shift" : 53,
            "y_shift" : 85,
            "width_untrim" : 300,
            "height_untrim" : 300,
            "pivotX"        : 0.5,
            "pivotY"        : 0.5
        },
        "207_i05_Button_300_300_24_00003" : {
            "x" : 2,
            "y" : 3,
            "w" : 198,
            "h" : 119,
            "x_shift" : 53,
            "y_shift" : 85,
            "width_untrim" : 300,
            "height_untrim" : 300,
            "pivotX"        : 0.5,
            "pivotY"        : 0.5
        },
        "207_i05_Button_300_300_24_00004" : {
            "x" : 2,
            "y" : 3,
            "w" : 198,
            "h" : 119,
            "x_shift" : 53,
            "y_shift" : 85,
            "width_untrim" : 300,
            "height_untrim" : 300,
            "pivotX"        : 0.5,
            "pivotY"        : 0.5
        }
    }
}