
{
    "version" : "1.0-7",
    "entries" : {
        "106_ladybug_mask_60_50" : {
            "x" : 2,
            "y" : 200,
            "w" : 60,
            "h" : 50,
            "x_shift" : 0,
            "y_shift" : 0,
            "width_untrim" : 60,
            "height_untrim" : 50,
            "pivotX"        : 0.5,
            "pivotY"        : 0.5
        },
        "106_Ladybug_easteregg_65_90_12_00004" : {
            "x" : 66,
            "y" : 211,
            "w" : 51,
            "h" : 39,
            "x_shift" : 5,
            "y_shift" : 26,
            "width_untrim" : 65,
            "height_untrim" : 90,
            "pivotX"        : 0.5,
            "pivotY"        : 0.5
        },
        "106_Ladybug_easteregg_65_90_12_00008" : {
            "x" : 121,
            "y" : 208,
            "w" : 49,
            "h" : 42,
            "x_shift" : 6,
            "y_shift" : 1,
            "width_untrim" : 65,
            "height_untrim" : 90,
            "pivotX"        : 0.5,
            "pivotY"        : 0.5
        },
        "106_Ladybug_easteregg_65_90_12_00009" : {
            "x" : 121,
            "y" : 208,
            "w" : 49,
            "h" : 42,
            "x_shift" : 6,
            "y_shift" : 1,
            "width_untrim" : 65,
            "height_untrim" : 90,
            "pivotX"        : 0.5,
            "pivotY"        : 0.5
        },
        "106_Ladybug_easteregg_65_90_12_00007" : {
            "x" : 66,
            "y" : 166,
            "w" : 49,
            "h" : 41,
            "x_shift" : 6,
            "y_shift" : 1,
            "width_untrim" : 65,
            "height_untrim" : 90,
            "pivotX"        : 0.5,
            "pivotY"        : 0.5
        },
        "106_Ladybug_easteregg_65_90_12_00001" : {
            "x" : 2,
            "y" : 152,
            "w" : 48,
            "h" : 44,
            "x_shift" : 7,
            "y_shift" : 13,
            "width_untrim" : 65,
            "height_untrim" : 90,
            "pivotX"        : 0.5,
            "pivotY"        : 0.5
        },
        "106_Ladybug_easteregg_65_90_12_00000" : {
            "x" : 174,
            "y" : 208,
            "w" : 48,
            "h" : 42,
            "x_shift" : 6,
            "y_shift" : 1,
            "width_untrim" : 65,
            "height_untrim" : 90,
            "pivotX"        : 0.5,
            "pivotY"        : 0.5
        },
        "106_Ladybug_easteregg_65_90_12_00005" : {
            "x" : 119,
            "y" : 165,
            "w" : 48,
            "h" : 39,
            "x_shift" : 6,
            "y_shift" : 1,
            "width_untrim" : 65,
            "height_untrim" : 90,
            "pivotX"        : 0.5,
            "pivotY"        : 0.5
        },
        "106_Ladybug_easteregg_65_90_12_00006" : {
            "x" : 54,
            "y" : 123,
            "w" : 48,
            "h" : 39,
            "x_shift" : 6,
            "y_shift" : 1,
            "width_untrim" : 65,
            "height_untrim" : 90,
            "pivotX"        : 0.5,
            "pivotY"        : 0.5
        },
        "106_Ladybug_idle_60_50_12_00004_1"    : {
            "x" : 2,
            "y" : 105,
            "w" : 47,
            "h" : 43,
            "x_shift" : 4,
            "y_shift" : 1,
            "width_untrim" : 60,
            "height_untrim" : 50,
            "pivotX"        : 0.5,
            "pivotY"        : 0.5
        },
        "106_Ladybug_idle_60_50_12_00005_1"    : {
            "x" : 171,
            "y" : 161,
            "w" : 47,
            "h" : 43,
            "x_shift" : 4,
            "y_shift" : 1,
            "width_untrim" : 60,
            "height_untrim" : 50,
            "pivotX"        : 0.5,
            "pivotY"        : 0.5
        },
        "106_Ladybug_idle_60_50_12_00006_1"    : {
            "x" : 106,
            "y" : 118,
            "w" : 47,
            "h" : 43,
            "x_shift" : 4,
            "y_shift" : 1,
            "width_untrim" : 60,
            "height_untrim" : 50,
            "pivotX"        : 0.5,
            "pivotY"        : 0.5
        },
        "106_Ladybug_idle_60_50_12_00000_1"    : {
            "x" : 53,
            "y" : 77,
            "w" : 47,
            "h" : 42,
            "x_shift" : 4,
            "y_shift" : 1,
            "width_untrim" : 60,
            "height_untrim" : 50,
            "pivotX"        : 0.5,
            "pivotY"        : 0.5
        },
        "106_Ladybug_idle_60_50_12_00007_1"    : {
            "x" : 53,
            "y" : 77,
            "w" : 47,
            "h" : 42,
            "x_shift" : 4,
            "y_shift" : 1,
            "width_untrim" : 60,
            "height_untrim" : 50,
            "pivotX"        : 0.5,
            "pivotY"        : 0.5
        },
        "106_Ladybug_idle_60_50_12_00008_1"    : {
            "x" : 53,
            "y" : 77,
            "w" : 47,
            "h" : 42,
            "x_shift" : 4,
            "y_shift" : 1,
            "width_untrim" : 60,
            "height_untrim" : 50,
            "pivotX"        : 0.5,
            "pivotY"        : 0.5
        },
        "106_Ladybug_idle_60_50_12_00001_1"    : {
            "x" : 2,
            "y" : 60,
            "w" : 47,
            "h" : 41,
            "x_shift" : 4,
            "y_shift" : 1,
            "width_untrim" : 60,
            "height_untrim" : 50,
            "pivotX"        : 0.5,
            "pivotY"        : 0.5
        },
        "106_Ladybug_easteregg_65_90_12_00003" : {
            "x" : 2,
            "y" : 2,
            "w" : 39,
            "h" : 54,
            "x_shift" : 7,
            "y_shift" : 32,
            "width_untrim" : 65,
            "height_untrim" : 90,
            "pivotX"        : 0.5,
            "pivotY"        : 0.5
        },
        "106_Ladybug_easteregg_65_90_12_00002" : {
            "x" : 45,
            "y" : 9,
            "w" : 44,
            "h" : 47,
            "x_shift" : 6,
            "y_shift" : 42,
            "width_untrim" : 65,
            "height_untrim" : 90,
            "pivotX"        : 0.5,
            "pivotY"        : 0.5
        },
        "106_Ladybug_idle_60_50_12_00003_1"    : {
            "x" : 93,
            "y" : 32,
            "w" : 47,
            "h" : 41,
            "x_shift" : 4,
            "y_shift" : 1,
            "width_untrim" : 60,
            "height_untrim" : 50,
            "pivotX"        : 0.5,
            "pivotY"        : 0.5
        },
        "106_Ladybug_idle_60_50_12_00002_1"    : {
            "x" : 157,
            "y" : 118,
            "w" : 47,
            "h" : 39,
            "x_shift" : 4,
            "y_shift" : 1,
            "width_untrim" : 60,
            "height_untrim" : 50,
            "pivotX"        : 0.5,
            "pivotY"        : 0.5
        }
    }
}