
{
    "version" : "1.0-7",
    "entries" : {
        "106_1_card_mask_00000" : {
            "x" : 2,
            "y" : 1718,
            "w" : 483,
            "h" : 319,
            "x_shift" : 0,
            "y_shift" : 0,
            "width_untrim" : 483,
            "height_untrim" : 319,
            "pivotX"        : 0.5,
            "pivotY"        : 0.5
        },
        "106_1_CHE_FLIP_UP_185_209_12_00018" : {
            "x" : 489,
            "y" : 1862,
            "w" : 172,
            "h" : 175,
            "x_shift" : 9,
            "y_shift" : 17,
            "width_untrim" : 185,
            "height_untrim" : 209,
            "pivotX"        : 0.5,
            "pivotY"        : 0.5
        },
        "106_1_BAN_FLIP_UP_185_209_12_00018" : {
            "x" : 665,
            "y" : 1862,
            "w" : 172,
            "h" : 175,
            "x_shift" : 9,
            "y_shift" : 17,
            "width_untrim" : 185,
            "height_untrim" : 209,
            "pivotX"        : 0.5,
            "pivotY"        : 0.5
        },
        "106_1_APP_FLIP_UP_185_209_12_00018" : {
            "x" : 841,
            "y" : 1862,
            "w" : 172,
            "h" : 175,
            "x_shift" : 9,
            "y_shift" : 17,
            "width_untrim" : 185,
            "height_untrim" : 209,
            "pivotX"        : 0.5,
            "pivotY"        : 0.5
        },
        "106_1_CHE_WIN_185_209_12_00000"     : {
            "x" : 1017,
            "y" : 1865,
            "w" : 172,
            "h" : 172,
            "x_shift" : 7,
            "y_shift" : 19,
            "width_untrim" : 185,
            "height_untrim" : 209,
            "pivotX"        : 0.5,
            "pivotY"        : 0.5
        },
        "106_1_CHE_WIN_185_209_12_00019"     : {
            "x" : 1017,
            "y" : 1865,
            "w" : 172,
            "h" : 172,
            "x_shift" : 7,
            "y_shift" : 19,
            "width_untrim" : 185,
            "height_untrim" : 209,
            "pivotX"        : 0.5,
            "pivotY"        : 0.5
        },
        "106_1_CHE_WIN_185_209_12_00000_1"   : {
            "x" : 1017,
            "y" : 1865,
            "w" : 172,
            "h" : 172,
            "x_shift" : 7,
            "y_shift" : 19,
            "width_untrim" : 185,
            "height_untrim" : 209,
            "pivotX"        : 0.5,
            "pivotY"        : 0.5
        },
        "106_1_CHE_WIN_185_209_12_00019_1"   : {
            "x" : 1017,
            "y" : 1865,
            "w" : 172,
            "h" : 172,
            "x_shift" : 7,
            "y_shift" : 19,
            "width_untrim" : 185,
            "height_untrim" : 209,
            "pivotX"        : 0.5,
            "pivotY"        : 0.5
        },
        "106_1_CHE_IDLE_185_209_12_00000"    : {
            "x" : 1017,
            "y" : 1865,
            "w" : 172,
            "h" : 172,
            "x_shift" : 7,
            "y_shift" : 19,
            "width_untrim" : 185,
            "height_untrim" : 209,
            "pivotX"        : 0.5,
            "pivotY"        : 0.5
        },
        "106_1_CHE_IDLE_185_209_12_00013"    : {
            "x" : 1017,
            "y" : 1865,
            "w" : 172,
            "h" : 172,
            "x_shift" : 7,
            "y_shift" : 19,
            "width_untrim" : 185,
            "height_untrim" : 209,
            "pivotX"        : 0.5,
            "pivotY"        : 0.5
        },
        "106_1_CHE_IDLE_185_209_12_00026"    : {
            "x" : 1017,
            "y" : 1865,
            "w" : 172,
            "h" : 172,
            "x_shift" : 7,
            "y_shift" : 19,
            "width_untrim" : 185,
            "height_untrim" : 209,
            "pivotX"        : 0.5,
            "pivotY"        : 0.5
        },
        "106_1_CHE_FLIP_UP_185_209_12_00019" : {
            "x" : 1017,
            "y" : 1865,
            "w" : 172,
            "h" : 172,
            "x_shift" : 7,
            "y_shift" : 19,
            "width_untrim" : 185,
            "height_untrim" : 209,
            "pivotX"        : 0.5,
            "pivotY"        : 0.5
        },
        "106_1_CHE_WIN_185_209_12_00001"     : {
            "x" : 1193,
            "y" : 1865,
            "w" : 172,
            "h" : 172,
            "x_shift" : 7,
            "y_shift" : 19,
            "width_untrim" : 185,
            "height_untrim" : 209,
            "pivotX"        : 0.5,
            "pivotY"        : 0.5
        },
        "106_1_CHE_WIN_185_209_12_00001_1"   : {
            "x" : 1193,
            "y" : 1865,
            "w" : 172,
            "h" : 172,
            "x_shift" : 7,
            "y_shift" : 19,
            "width_untrim" : 185,
            "height_untrim" : 209,
            "pivotX"        : 0.5,
            "pivotY"        : 0.5
        },
        "106_1_CHE_WIN_185_209_12_00002"     : {
            "x" : 1369,
            "y" : 1865,
            "w" : 172,
            "h" : 172,
            "x_shift" : 7,
            "y_shift" : 19,
            "width_untrim" : 185,
            "height_untrim" : 209,
            "pivotX"        : 0.5,
            "pivotY"        : 0.5
        },
        "106_1_CHE_WIN_185_209_12_00002_1"   : {
            "x" : 1369,
            "y" : 1865,
            "w" : 172,
            "h" : 172,
            "x_shift" : 7,
            "y_shift" : 19,
            "width_untrim" : 185,
            "height_untrim" : 209,
            "pivotX"        : 0.5,
            "pivotY"        : 0.5
        },
        "106_1_CHE_WIN_185_209_12_00003"     : {
            "x" : 1545,
            "y" : 1865,
            "w" : 172,
            "h" : 172,
            "x_shift" : 7,
            "y_shift" : 19,
            "width_untrim" : 185,
            "height_untrim" : 209,
            "pivotX"        : 0.5,
            "pivotY"        : 0.5
        },
        "106_1_CHE_WIN_185_209_12_00003_1"   : {
            "x" : 1545,
            "y" : 1865,
            "w" : 172,
            "h" : 172,
            "x_shift" : 7,
            "y_shift" : 19,
            "width_untrim" : 185,
            "height_untrim" : 209,
            "pivotX"        : 0.5,
            "pivotY"        : 0.5
        },
        "106_1_CHE_WIN_185_209_12_00004"     : {
            "x" : 1721,
            "y" : 1865,
            "w" : 172,
            "h" : 172,
            "x_shift" : 7,
            "y_shift" : 19,
            "width_untrim" : 185,
            "height_untrim" : 209,
            "pivotX"        : 0.5,
            "pivotY"        : 0.5
        },
        "106_1_CHE_WIN_185_209_12_00004_1"   : {
            "x" : 1721,
            "y" : 1865,
            "w" : 172,
            "h" : 172,
            "x_shift" : 7,
            "y_shift" : 19,
            "width_untrim" : 185,
            "height_untrim" : 209,
            "pivotX"        : 0.5,
            "pivotY"        : 0.5
        },
        "106_1_CHE_FLIP_UP_185_209_12_00016" : {
            "x" : 1897,
            "y" : 1837,
            "w" : 148,
            "h" : 200,
            "x_shift" : 32,
            "y_shift" : 5,
            "width_untrim" : 185,
            "height_untrim" : 209,
            "pivotX"        : 0.5,
            "pivotY"        : 0.5
        },
        "106_1_CHE_WIN_185_209_12_00005"     : {
            "x" : 1017,
            "y" : 1689,
            "w" : 172,
            "h" : 172,
            "x_shift" : 7,
            "y_shift" : 19,
            "width_untrim" : 185,
            "height_untrim" : 209,
            "pivotX"        : 0.5,
            "pivotY"        : 0.5
        },
        "106_1_CHE_WIN_185_209_12_00005_1"   : {
            "x" : 1017,
            "y" : 1689,
            "w" : 172,
            "h" : 172,
            "x_shift" : 7,
            "y_shift" : 19,
            "width_untrim" : 185,
            "height_untrim" : 209,
            "pivotX"        : 0.5,
            "pivotY"        : 0.5
        },
        "106_1_CHE_WIN_185_209_12_00006"     : {
            "x" : 489,
            "y" : 1686,
            "w" : 172,
            "h" : 172,
            "x_shift" : 7,
            "y_shift" : 19,
            "width_untrim" : 185,
            "height_untrim" : 209,
            "pivotX"        : 0.5,
            "pivotY"        : 0.5
        },
        "106_1_CHE_WIN_185_209_12_00006_1"   : {
            "x" : 489,
            "y" : 1686,
            "w" : 172,
            "h" : 172,
            "x_shift" : 7,
            "y_shift" : 19,
            "width_untrim" : 185,
            "height_untrim" : 209,
            "pivotX"        : 0.5,
            "pivotY"        : 0.5
        },
        "106_1_CHE_WIN_185_209_12_00007"     : {
            "x" : 665,
            "y" : 1686,
            "w" : 172,
            "h" : 172,
            "x_shift" : 7,
            "y_shift" : 19,
            "width_untrim" : 185,
            "height_untrim" : 209,
            "pivotX"        : 0.5,
            "pivotY"        : 0.5
        },
        "106_1_CHE_WIN_185_209_12_00007_1"   : {
            "x" : 665,
            "y" : 1686,
            "w" : 172,
            "h" : 172,
            "x_shift" : 7,
            "y_shift" : 19,
            "width_untrim" : 185,
            "height_untrim" : 209,
            "pivotX"        : 0.5,
            "pivotY"        : 0.5
        },
        "106_1_CHE_WIN_185_209_12_00008"     : {
            "x" : 841,
            "y" : 1686,
            "w" : 172,
            "h" : 172,
            "x_shift" : 7,
            "y_shift" : 19,
            "width_untrim" : 185,
            "height_untrim" : 209,
            "pivotX"        : 0.5,
            "pivotY"        : 0.5
        },
        "106_1_CHE_WIN_185_209_12_00008_1"   : {
            "x" : 841,
            "y" : 1686,
            "w" : 172,
            "h" : 172,
            "x_shift" : 7,
            "y_shift" : 19,
            "width_untrim" : 185,
            "height_untrim" : 209,
            "pivotX"        : 0.5,
            "pivotY"        : 0.5
        },
        "106_1_CHE_WIN_185_209_12_00009"     : {
            "x" : 2,
            "y" : 1542,
            "w" : 172,
            "h" : 172,
            "x_shift" : 7,
            "y_shift" : 19,
            "width_untrim" : 185,
            "height_untrim" : 209,
            "pivotX"        : 0.5,
            "pivotY"        : 0.5
        },
        "106_1_CHE_WIN_185_209_12_00009_1"   : {
            "x" : 2,
            "y" : 1542,
            "w" : 172,
            "h" : 172,
            "x_shift" : 7,
            "y_shift" : 19,
            "width_untrim" : 185,
            "height_untrim" : 209,
            "pivotX"        : 0.5,
            "pivotY"        : 0.5
        },
        "106_1_CHE_WIN_185_209_12_00010"     : {
            "x" : 178,
            "y" : 1542,
            "w" : 172,
            "h" : 172,
            "x_shift" : 7,
            "y_shift" : 19,
            "width_untrim" : 185,
            "height_untrim" : 209,
            "pivotX"        : 0.5,
            "pivotY"        : 0.5
        },
        "106_1_CHE_WIN_185_209_12_00010_1"   : {
            "x" : 178,
            "y" : 1542,
            "w" : 172,
            "h" : 172,
            "x_shift" : 7,
            "y_shift" : 19,
            "width_untrim" : 185,
            "height_untrim" : 209,
            "pivotX"        : 0.5,
            "pivotY"        : 0.5
        },
        "106_1_CHE_START_185_209_12_00006"   : {
            "x" : 354,
            "y" : 1545,
            "w" : 125,
            "h" : 169,
            "x_shift" : 40,
            "y_shift" : 20,
            "width_untrim" : 185,
            "height_untrim" : 209,
            "pivotX"        : 0.5,
            "pivotY"        : 0.5
        },
        "106_1_CHE_WIN_185_209_12_00011"     : {
            "x" : 1193,
            "y" : 1689,
            "w" : 172,
            "h" : 172,
            "x_shift" : 7,
            "y_shift" : 19,
            "width_untrim" : 185,
            "height_untrim" : 209,
            "pivotX"        : 0.5,
            "pivotY"        : 0.5
        },
        "106_1_CHE_WIN_185_209_12_00011_1"   : {
            "x" : 1193,
            "y" : 1689,
            "w" : 172,
            "h" : 172,
            "x_shift" : 7,
            "y_shift" : 19,
            "width_untrim" : 185,
            "height_untrim" : 209,
            "pivotX"        : 0.5,
            "pivotY"        : 0.5
        },
        "106_1_CHE_WIN_185_209_12_00012"     : {
            "x" : 1369,
            "y" : 1689,
            "w" : 172,
            "h" : 172,
            "x_shift" : 7,
            "y_shift" : 19,
            "width_untrim" : 185,
            "height_untrim" : 209,
            "pivotX"        : 0.5,
            "pivotY"        : 0.5
        },
        "106_1_CHE_WIN_185_209_12_00012_1"   : {
            "x" : 1369,
            "y" : 1689,
            "w" : 172,
            "h" : 172,
            "x_shift" : 7,
            "y_shift" : 19,
            "width_untrim" : 185,
            "height_untrim" : 209,
            "pivotX"        : 0.5,
            "pivotY"        : 0.5
        },
        "106_1_CHE_WIN_185_209_12_00013"     : {
            "x" : 1545,
            "y" : 1689,
            "w" : 172,
            "h" : 172,
            "x_shift" : 7,
            "y_shift" : 19,
            "width_untrim" : 185,
            "height_untrim" : 209,
            "pivotX"        : 0.5,
            "pivotY"        : 0.5
        },
        "106_1_CHE_WIN_185_209_12_00013_1"   : {
            "x" : 1545,
            "y" : 1689,
            "w" : 172,
            "h" : 172,
            "x_shift" : 7,
            "y_shift" : 19,
            "width_untrim" : 185,
            "height_untrim" : 209,
            "pivotX"        : 0.5,
            "pivotY"        : 0.5
        },
        "106_1_CHE_WIN_185_209_12_00014"     : {
            "x" : 1721,
            "y" : 1689,
            "w" : 172,
            "h" : 172,
            "x_shift" : 7,
            "y_shift" : 19,
            "width_untrim" : 185,
            "height_untrim" : 209,
            "pivotX"        : 0.5,
            "pivotY"        : 0.5
        },
        "106_1_CHE_WIN_185_209_12_00014_1"   : {
            "x" : 1721,
            "y" : 1689,
            "w" : 172,
            "h" : 172,
            "x_shift" : 7,
            "y_shift" : 19,
            "width_untrim" : 185,
            "height_untrim" : 209,
            "pivotX"        : 0.5,
            "pivotY"        : 0.5
        },
        "106_1_BAN_FLIP_UP_185_209_12_00016" : {
            "x" : 1897,
            "y" : 1633,
            "w" : 148,
            "h" : 200,
            "x_shift" : 32,
            "y_shift" : 5,
            "width_untrim" : 185,
            "height_untrim" : 209,
            "pivotX"        : 0.5,
            "pivotY"        : 0.5
        },
        "106_1_CHE_WIN_185_209_12_00015"     : {
            "x" : 1017,
            "y" : 1513,
            "w" : 172,
            "h" : 172,
            "x_shift" : 7,
            "y_shift" : 19,
            "width_untrim" : 185,
            "height_untrim" : 209,
            "pivotX"        : 0.5,
            "pivotY"        : 0.5
        },
        "106_1_CHE_WIN_185_209_12_00015_1"   : {
            "x" : 1017,
            "y" : 1513,
            "w" : 172,
            "h" : 172,
            "x_shift" : 7,
            "y_shift" : 19,
            "width_untrim" : 185,
            "height_untrim" : 209,
            "pivotX"        : 0.5,
            "pivotY"        : 0.5
        },
        "106_1_CHE_WIN_185_209_12_00016"     : {
            "x" : 483,
            "y" : 1510,
            "w" : 172,
            "h" : 172,
            "x_shift" : 7,
            "y_shift" : 19,
            "width_untrim" : 185,
            "height_untrim" : 209,
            "pivotX"        : 0.5,
            "pivotY"        : 0.5
        },
        "106_1_CHE_WIN_185_209_12_00016_1"   : {
            "x" : 483,
            "y" : 1510,
            "w" : 172,
            "h" : 172,
            "x_shift" : 7,
            "y_shift" : 19,
            "width_untrim" : 185,
            "height_untrim" : 209,
            "pivotX"        : 0.5,
            "pivotY"        : 0.5
        },
        "106_1_CHE_START_185_209_12_00071"   : {
            "x" : 354,
            "y" : 1372,
            "w" : 125,
            "h" : 169,
            "x_shift" : 40,
            "y_shift" : 20,
            "width_untrim" : 185,
            "height_untrim" : 209,
            "pivotX"        : 0.5,
            "pivotY"        : 0.5
        },
        "106_1_BAN_START_185_209_12_00071"   : {
            "x" : 354,
            "y" : 1372,
            "w" : 125,
            "h" : 169,
            "x_shift" : 40,
            "y_shift" : 20,
            "width_untrim" : 185,
            "height_untrim" : 209,
            "pivotX"        : 0.5,
            "pivotY"        : 0.5
        },
        "106_1_APP_START_185_209_12_00071"   : {
            "x" : 354,
            "y" : 1372,
            "w" : 125,
            "h" : 169,
            "x_shift" : 40,
            "y_shift" : 20,
            "width_untrim" : 185,
            "height_untrim" : 209,
            "pivotX"        : 0.5,
            "pivotY"        : 0.5
        },
        "106_1_CHE_WIN_185_209_12_00017"     : {
            "x" : 2,
            "y" : 1366,
            "w" : 172,
            "h" : 172,
            "x_shift" : 7,
            "y_shift" : 19,
            "width_untrim" : 185,
            "height_untrim" : 209,
            "pivotX"        : 0.5,
            "pivotY"        : 0.5
        },
        "106_1_CHE_WIN_185_209_12_00017_1"   : {
            "x" : 2,
            "y" : 1366,
            "w" : 172,
            "h" : 172,
            "x_shift" : 7,
            "y_shift" : 19,
            "width_untrim" : 185,
            "height_untrim" : 209,
            "pivotX"        : 0.5,
            "pivotY"        : 0.5
        },
        "106_1_CHE_WIN_185_209_12_00018"     : {
            "x" : 178,
            "y" : 1366,
            "w" : 172,
            "h" : 172,
            "x_shift" : 7,
            "y_shift" : 19,
            "width_untrim" : 185,
            "height_untrim" : 209,
            "pivotX"        : 0.5,
            "pivotY"        : 0.5
        },
        "106_1_CHE_WIN_185_209_12_00018_1"   : {
            "x" : 178,
            "y" : 1366,
            "w" : 172,
            "h" : 172,
            "x_shift" : 7,
            "y_shift" : 19,
            "width_untrim" : 185,
            "height_untrim" : 209,
            "pivotX"        : 0.5,
            "pivotY"        : 0.5
        },
        "106_1_CHE_IDLE_185_209_12_00001"    : {
            "x" : 659,
            "y" : 1510,
            "w" : 172,
            "h" : 172,
            "x_shift" : 7,
            "y_shift" : 19,
            "width_untrim" : 185,
            "height_untrim" : 209,
            "pivotX"        : 0.5,
            "pivotY"        : 0.5
        },
        "106_1_CHE_IDLE_185_209_12_00014"    : {
            "x" : 659,
            "y" : 1510,
            "w" : 172,
            "h" : 172,
            "x_shift" : 7,
            "y_shift" : 19,
            "width_untrim" : 185,
            "height_untrim" : 209,
            "pivotX"        : 0.5,
            "pivotY"        : 0.5
        },
        "106_1_CHE_IDLE_185_209_12_00002"    : {
            "x" : 835,
            "y" : 1510,
            "w" : 172,
            "h" : 172,
            "x_shift" : 7,
            "y_shift" : 19,
            "width_untrim" : 185,
            "height_untrim" : 209,
            "pivotX"        : 0.5,
            "pivotY"        : 0.5
        },
        "106_1_CHE_IDLE_185_209_12_00015"    : {
            "x" : 835,
            "y" : 1510,
            "w" : 172,
            "h" : 172,
            "x_shift" : 7,
            "y_shift" : 19,
            "width_untrim" : 185,
            "height_untrim" : 209,
            "pivotX"        : 0.5,
            "pivotY"        : 0.5
        },
        "106_1_CHE_IDLE_185_209_12_00003"    : {
            "x" : 1193,
            "y" : 1513,
            "w" : 172,
            "h" : 172,
            "x_shift" : 7,
            "y_shift" : 19,
            "width_untrim" : 185,
            "height_untrim" : 209,
            "pivotX"        : 0.5,
            "pivotY"        : 0.5
        },
        "106_1_CHE_IDLE_185_209_12_00016"    : {
            "x" : 1193,
            "y" : 1513,
            "w" : 172,
            "h" : 172,
            "x_shift" : 7,
            "y_shift" : 19,
            "width_untrim" : 185,
            "height_untrim" : 209,
            "pivotX"        : 0.5,
            "pivotY"        : 0.5
        },
        "106_1_CHE_IDLE_185_209_12_00004"    : {
            "x" : 1369,
            "y" : 1513,
            "w" : 172,
            "h" : 172,
            "x_shift" : 7,
            "y_shift" : 19,
            "width_untrim" : 185,
            "height_untrim" : 209,
            "pivotX"        : 0.5,
            "pivotY"        : 0.5
        },
        "106_1_CHE_IDLE_185_209_12_00017"    : {
            "x" : 1369,
            "y" : 1513,
            "w" : 172,
            "h" : 172,
            "x_shift" : 7,
            "y_shift" : 19,
            "width_untrim" : 185,
            "height_untrim" : 209,
            "pivotX"        : 0.5,
            "pivotY"        : 0.5
        },
        "106_1_CHE_IDLE_185_209_12_00005"    : {
            "x" : 1545,
            "y" : 1513,
            "w" : 172,
            "h" : 172,
            "x_shift" : 7,
            "y_shift" : 19,
            "width_untrim" : 185,
            "height_untrim" : 209,
            "pivotX"        : 0.5,
            "pivotY"        : 0.5
        },
        "106_1_CHE_IDLE_185_209_12_00018"    : {
            "x" : 1545,
            "y" : 1513,
            "w" : 172,
            "h" : 172,
            "x_shift" : 7,
            "y_shift" : 19,
            "width_untrim" : 185,
            "height_untrim" : 209,
            "pivotX"        : 0.5,
            "pivotY"        : 0.5
        },
        "106_1_CHE_IDLE_185_209_12_00006"    : {
            "x" : 1721,
            "y" : 1513,
            "w" : 172,
            "h" : 172,
            "x_shift" : 7,
            "y_shift" : 19,
            "width_untrim" : 185,
            "height_untrim" : 209,
            "pivotX"        : 0.5,
            "pivotY"        : 0.5
        },
        "106_1_CHE_IDLE_185_209_12_00019"    : {
            "x" : 1721,
            "y" : 1513,
            "w" : 172,
            "h" : 172,
            "x_shift" : 7,
            "y_shift" : 19,
            "width_untrim" : 185,
            "height_untrim" : 209,
            "pivotX"        : 0.5,
            "pivotY"        : 0.5
        },
        "106_1_APP_FLIP_UP_185_209_12_00016" : {
            "x" : 1897,
            "y" : 1429,
            "w" : 148,
            "h" : 200,
            "x_shift" : 32,
            "y_shift" : 5,
            "width_untrim" : 185,
            "height_untrim" : 209,
            "pivotX"        : 0.5,
            "pivotY"        : 0.5
        },
        "106_1_CHE_IDLE_185_209_12_00007"    : {
            "x" : 1011,
            "y" : 1337,
            "w" : 172,
            "h" : 172,
            "x_shift" : 7,
            "y_shift" : 19,
            "width_untrim" : 185,
            "height_untrim" : 209,
            "pivotX"        : 0.5,
            "pivotY"        : 0.5
        },
        "106_1_CHE_IDLE_185_209_12_00020"    : {
            "x" : 1011,
            "y" : 1337,
            "w" : 172,
            "h" : 172,
            "x_shift" : 7,
            "y_shift" : 19,
            "width_untrim" : 185,
            "height_untrim" : 209,
            "pivotX"        : 0.5,
            "pivotY"        : 0.5
        },
        "106_1_CHE_IDLE_185_209_12_00008"    : {
            "x" : 483,
            "y" : 1334,
            "w" : 172,
            "h" : 172,
            "x_shift" : 7,
            "y_shift" : 19,
            "width_untrim" : 185,
            "height_untrim" : 209,
            "pivotX"        : 0.5,
            "pivotY"        : 0.5
        },
        "106_1_CHE_IDLE_185_209_12_00021"    : {
            "x" : 483,
            "y" : 1334,
            "w" : 172,
            "h" : 172,
            "x_shift" : 7,
            "y_shift" : 19,
            "width_untrim" : 185,
            "height_untrim" : 209,
            "pivotX"        : 0.5,
            "pivotY"        : 0.5
        },
        "106_1_CHE_FLIP_DWN_185_209_12_00006" : {
            "x" : 354,
            "y" : 1199,
            "w" : 125,
            "h" : 169,
            "x_shift" : 40,
            "y_shift" : 20,
            "width_untrim" : 185,
            "height_untrim" : 209,
            "pivotX"        : 0.5,
            "pivotY"        : 0.5
        },
        "106_1_BAN_FLIP_DWN_185_209_12_00006" : {
            "x" : 354,
            "y" : 1199,
            "w" : 125,
            "h" : 169,
            "x_shift" : 40,
            "y_shift" : 20,
            "width_untrim" : 185,
            "height_untrim" : 209,
            "pivotX"        : 0.5,
            "pivotY"        : 0.5
        },
        "106_1_APP_FLIP_DWN_185_209_12_00006" : {
            "x" : 354,
            "y" : 1199,
            "w" : 125,
            "h" : 169,
            "x_shift" : 40,
            "y_shift" : 20,
            "width_untrim" : 185,
            "height_untrim" : 209,
            "pivotX"        : 0.5,
            "pivotY"        : 0.5
        },
        "106_1_CHE_IDLE_185_209_12_00009"     : {
            "x" : 2,
            "y" : 1190,
            "w" : 172,
            "h" : 172,
            "x_shift" : 7,
            "y_shift" : 19,
            "width_untrim" : 185,
            "height_untrim" : 209,
            "pivotX"        : 0.5,
            "pivotY"        : 0.5
        },
        "106_1_CHE_IDLE_185_209_12_00022"     : {
            "x" : 2,
            "y" : 1190,
            "w" : 172,
            "h" : 172,
            "x_shift" : 7,
            "y_shift" : 19,
            "width_untrim" : 185,
            "height_untrim" : 209,
            "pivotX"        : 0.5,
            "pivotY"        : 0.5
        },
        "106_1_CHE_IDLE_185_209_12_00010"     : {
            "x" : 178,
            "y" : 1190,
            "w" : 172,
            "h" : 172,
            "x_shift" : 7,
            "y_shift" : 19,
            "width_untrim" : 185,
            "height_untrim" : 209,
            "pivotX"        : 0.5,
            "pivotY"        : 0.5
        },
        "106_1_CHE_IDLE_185_209_12_00023"     : {
            "x" : 178,
            "y" : 1190,
            "w" : 172,
            "h" : 172,
            "x_shift" : 7,
            "y_shift" : 19,
            "width_untrim" : 185,
            "height_untrim" : 209,
            "pivotX"        : 0.5,
            "pivotY"        : 0.5
        },
        "106_1_CHE_IDLE_185_209_12_00011"     : {
            "x" : 659,
            "y" : 1334,
            "w" : 172,
            "h" : 172,
            "x_shift" : 7,
            "y_shift" : 19,
            "width_untrim" : 185,
            "height_untrim" : 209,
            "pivotX"        : 0.5,
            "pivotY"        : 0.5
        },
        "106_1_CHE_IDLE_185_209_12_00024"     : {
            "x" : 659,
            "y" : 1334,
            "w" : 172,
            "h" : 172,
            "x_shift" : 7,
            "y_shift" : 19,
            "width_untrim" : 185,
            "height_untrim" : 209,
            "pivotX"        : 0.5,
            "pivotY"        : 0.5
        },
        "106_1_CHE_IDLE_185_209_12_00012"     : {
            "x" : 835,
            "y" : 1334,
            "w" : 172,
            "h" : 172,
            "x_shift" : 7,
            "y_shift" : 19,
            "width_untrim" : 185,
            "height_untrim" : 209,
            "pivotX"        : 0.5,
            "pivotY"        : 0.5
        },
        "106_1_CHE_IDLE_185_209_12_00025"     : {
            "x" : 835,
            "y" : 1334,
            "w" : 172,
            "h" : 172,
            "x_shift" : 7,
            "y_shift" : 19,
            "width_untrim" : 185,
            "height_untrim" : 209,
            "pivotX"        : 0.5,
            "pivotY"        : 0.5
        },
        "106_1_CHE_FLIP_UP_185_209_12_00004"  : {
            "x" : 1187,
            "y" : 1337,
            "w" : 172,
            "h" : 172,
            "x_shift" : 6,
            "y_shift" : 19,
            "width_untrim" : 185,
            "height_untrim" : 209,
            "pivotX"        : 0.5,
            "pivotY"        : 0.5
        },
        "106_1_BAN_FLIP_UP_185_209_12_00004"  : {
            "x" : 1187,
            "y" : 1337,
            "w" : 172,
            "h" : 172,
            "x_shift" : 6,
            "y_shift" : 19,
            "width_untrim" : 185,
            "height_untrim" : 209,
            "pivotX"        : 0.5,
            "pivotY"        : 0.5
        },
        "106_1_APP_FLIP_UP_185_209_12_00004"  : {
            "x" : 1187,
            "y" : 1337,
            "w" : 172,
            "h" : 172,
            "x_shift" : 6,
            "y_shift" : 19,
            "width_untrim" : 185,
            "height_untrim" : 209,
            "pivotX"        : 0.5,
            "pivotY"        : 0.5
        },
        "106_1_CHE_FLIP_UP_185_209_12_00005"  : {
            "x" : 1363,
            "y" : 1337,
            "w" : 172,
            "h" : 172,
            "x_shift" : 6,
            "y_shift" : 19,
            "width_untrim" : 185,
            "height_untrim" : 209,
            "pivotX"        : 0.5,
            "pivotY"        : 0.5
        },
        "106_1_BAN_FLIP_UP_185_209_12_00005"  : {
            "x" : 1363,
            "y" : 1337,
            "w" : 172,
            "h" : 172,
            "x_shift" : 6,
            "y_shift" : 19,
            "width_untrim" : 185,
            "height_untrim" : 209,
            "pivotX"        : 0.5,
            "pivotY"        : 0.5
        },
        "106_1_APP_FLIP_UP_185_209_12_00005"  : {
            "x" : 1363,
            "y" : 1337,
            "w" : 172,
            "h" : 172,
            "x_shift" : 6,
            "y_shift" : 19,
            "width_untrim" : 185,
            "height_untrim" : 209,
            "pivotX"        : 0.5,
            "pivotY"        : 0.5
        },
        "106_1_CHE_FLIP_DWN_185_209_12_00000" : {
            "x" : 1539,
            "y" : 1337,
            "w" : 172,
            "h" : 172,
            "x_shift" : 7,
            "y_shift" : 19,
            "width_untrim" : 185,
            "height_untrim" : 209,
            "pivotX"        : 0.5,
            "pivotY"        : 0.5
        },
        "106_1_BAN_WIN_185_209_12_00000"      : {
            "x" : 1715,
            "y" : 1337,
            "w" : 172,
            "h" : 172,
            "x_shift" : 7,
            "y_shift" : 19,
            "width_untrim" : 185,
            "height_untrim" : 209,
            "pivotX"        : 0.5,
            "pivotY"        : 0.5
        },
        "106_1_BAN_WIN_185_209_12_00016"      : {
            "x" : 1715,
            "y" : 1337,
            "w" : 172,
            "h" : 172,
            "x_shift" : 7,
            "y_shift" : 19,
            "width_untrim" : 185,
            "height_untrim" : 209,
            "pivotX"        : 0.5,
            "pivotY"        : 0.5
        },
        "106_1_BAN_WIN_185_209_12_00017"      : {
            "x" : 1715,
            "y" : 1337,
            "w" : 172,
            "h" : 172,
            "x_shift" : 7,
            "y_shift" : 19,
            "width_untrim" : 185,
            "height_untrim" : 209,
            "pivotX"        : 0.5,
            "pivotY"        : 0.5
        },
        "106_1_BAN_WIN_185_209_12_00018"      : {
            "x" : 1715,
            "y" : 1337,
            "w" : 172,
            "h" : 172,
            "x_shift" : 7,
            "y_shift" : 19,
            "width_untrim" : 185,
            "height_untrim" : 209,
            "pivotX"        : 0.5,
            "pivotY"        : 0.5
        },
        "106_1_BAN_WIN_185_209_12_00019"      : {
            "x" : 1715,
            "y" : 1337,
            "w" : 172,
            "h" : 172,
            "x_shift" : 7,
            "y_shift" : 19,
            "width_untrim" : 185,
            "height_untrim" : 209,
            "pivotX"        : 0.5,
            "pivotY"        : 0.5
        },
        "106_1_BAN_WIN_185_209_12_00000_1"    : {
            "x" : 1715,
            "y" : 1337,
            "w" : 172,
            "h" : 172,
            "x_shift" : 7,
            "y_shift" : 19,
            "width_untrim" : 185,
            "height_untrim" : 209,
            "pivotX"        : 0.5,
            "pivotY"        : 0.5
        },
        "106_1_BAN_WIN_185_209_12_00016_1"    : {
            "x" : 1715,
            "y" : 1337,
            "w" : 172,
            "h" : 172,
            "x_shift" : 7,
            "y_shift" : 19,
            "width_untrim" : 185,
            "height_untrim" : 209,
            "pivotX"        : 0.5,
            "pivotY"        : 0.5
        },
        "106_1_BAN_WIN_185_209_12_00017_1"    : {
            "x" : 1715,
            "y" : 1337,
            "w" : 172,
            "h" : 172,
            "x_shift" : 7,
            "y_shift" : 19,
            "width_untrim" : 185,
            "height_untrim" : 209,
            "pivotX"        : 0.5,
            "pivotY"        : 0.5
        },
        "106_1_BAN_WIN_185_209_12_00018_1"    : {
            "x" : 1715,
            "y" : 1337,
            "w" : 172,
            "h" : 172,
            "x_shift" : 7,
            "y_shift" : 19,
            "width_untrim" : 185,
            "height_untrim" : 209,
            "pivotX"        : 0.5,
            "pivotY"        : 0.5
        },
        "106_1_BAN_WIN_185_209_12_00019_1"    : {
            "x" : 1715,
            "y" : 1337,
            "w" : 172,
            "h" : 172,
            "x_shift" : 7,
            "y_shift" : 19,
            "width_untrim" : 185,
            "height_untrim" : 209,
            "pivotX"        : 0.5,
            "pivotY"        : 0.5
        },
        "106_1_BAN_IDLE_185_209_12_00000"     : {
            "x" : 1715,
            "y" : 1337,
            "w" : 172,
            "h" : 172,
            "x_shift" : 7,
            "y_shift" : 19,
            "width_untrim" : 185,
            "height_untrim" : 209,
            "pivotX"        : 0.5,
            "pivotY"        : 0.5
        },
        "106_1_BAN_IDLE_185_209_12_00013"     : {
            "x" : 1715,
            "y" : 1337,
            "w" : 172,
            "h" : 172,
            "x_shift" : 7,
            "y_shift" : 19,
            "width_untrim" : 185,
            "height_untrim" : 209,
            "pivotX"        : 0.5,
            "pivotY"        : 0.5
        },
        "106_1_BAN_IDLE_185_209_12_00026"     : {
            "x" : 1715,
            "y" : 1337,
            "w" : 172,
            "h" : 172,
            "x_shift" : 7,
            "y_shift" : 19,
            "width_untrim" : 185,
            "height_untrim" : 209,
            "pivotX"        : 0.5,
            "pivotY"        : 0.5
        },
        "106_1_BAN_FLIP_UP_185_209_12_00019"  : {
            "x" : 1715,
            "y" : 1337,
            "w" : 172,
            "h" : 172,
            "x_shift" : 7,
            "y_shift" : 19,
            "width_untrim" : 185,
            "height_untrim" : 209,
            "pivotX"        : 0.5,
            "pivotY"        : 0.5
        },
        "106_1_CHE_START_185_209_12_00008"    : {
            "x" : 1891,
            "y" : 1276,
            "w" : 146,
            "h" : 149,
            "x_shift" : 21,
            "y_shift" : 30,
            "width_untrim" : 185,
            "height_untrim" : 209,
            "pivotX"        : 0.5,
            "pivotY"        : 0.5
        },
        "106_1_BAN_WIN_185_209_12_00001"      : {
            "x" : 1011,
            "y" : 1161,
            "w" : 172,
            "h" : 172,
            "x_shift" : 7,
            "y_shift" : 19,
            "width_untrim" : 185,
            "height_untrim" : 209,
            "pivotX"        : 0.5,
            "pivotY"        : 0.5
        },
        "106_1_BAN_WIN_185_209_12_00001_1"    : {
            "x" : 1011,
            "y" : 1161,
            "w" : 172,
            "h" : 172,
            "x_shift" : 7,
            "y_shift" : 19,
            "width_untrim" : 185,
            "height_untrim" : 209,
            "pivotX"        : 0.5,
            "pivotY"        : 0.5
        },
        "106_1_BAN_WIN_185_209_12_00002"      : {
            "x" : 483,
            "y" : 1158,
            "w" : 172,
            "h" : 172,
            "x_shift" : 7,
            "y_shift" : 19,
            "width_untrim" : 185,
            "height_untrim" : 209,
            "pivotX"        : 0.5,
            "pivotY"        : 0.5
        },
        "106_1_BAN_WIN_185_209_12_00002_1"    : {
            "x" : 483,
            "y" : 1158,
            "w" : 172,
            "h" : 172,
            "x_shift" : 7,
            "y_shift" : 19,
            "width_untrim" : 185,
            "height_untrim" : 209,
            "pivotX"        : 0.5,
            "pivotY"        : 0.5
        },
        "106_1_BAN_START_185_209_12_00006"    : {
            "x" : 354,
            "y" : 1026,
            "w" : 125,
            "h" : 169,
            "x_shift" : 40,
            "y_shift" : 20,
            "width_untrim" : 185,
            "height_untrim" : 209,
            "pivotX"        : 0.5,
            "pivotY"        : 0.5
        },
        "106_1_BAN_WIN_185_209_12_00003"      : {
            "x" : 2,
            "y" : 1014,
            "w" : 172,
            "h" : 172,
            "x_shift" : 7,
            "y_shift" : 19,
            "width_untrim" : 185,
            "height_untrim" : 209,
            "pivotX"        : 0.5,
            "pivotY"        : 0.5
        },
        "106_1_BAN_WIN_185_209_12_00003_1"    : {
            "x" : 2,
            "y" : 1014,
            "w" : 172,
            "h" : 172,
            "x_shift" : 7,
            "y_shift" : 19,
            "width_untrim" : 185,
            "height_untrim" : 209,
            "pivotX"        : 0.5,
            "pivotY"        : 0.5
        },
        "106_1_BAN_WIN_185_209_12_00004"      : {
            "x" : 178,
            "y" : 1014,
            "w" : 172,
            "h" : 172,
            "x_shift" : 7,
            "y_shift" : 19,
            "width_untrim" : 185,
            "height_untrim" : 209,
            "pivotX"        : 0.5,
            "pivotY"        : 0.5
        },
        "106_1_BAN_WIN_185_209_12_00004_1"    : {
            "x" : 178,
            "y" : 1014,
            "w" : 172,
            "h" : 172,
            "x_shift" : 7,
            "y_shift" : 19,
            "width_untrim" : 185,
            "height_untrim" : 209,
            "pivotX"        : 0.5,
            "pivotY"        : 0.5
        },
        "106_1_BAN_WIN_185_209_12_00005"      : {
            "x" : 659,
            "y" : 1158,
            "w" : 172,
            "h" : 172,
            "x_shift" : 7,
            "y_shift" : 19,
            "width_untrim" : 185,
            "height_untrim" : 209,
            "pivotX"        : 0.5,
            "pivotY"        : 0.5
        },
        "106_1_BAN_WIN_185_209_12_00005_1"    : {
            "x" : 659,
            "y" : 1158,
            "w" : 172,
            "h" : 172,
            "x_shift" : 7,
            "y_shift" : 19,
            "width_untrim" : 185,
            "height_untrim" : 209,
            "pivotX"        : 0.5,
            "pivotY"        : 0.5
        },
        "106_1_BAN_WIN_185_209_12_00006"      : {
            "x" : 835,
            "y" : 1158,
            "w" : 172,
            "h" : 172,
            "x_shift" : 7,
            "y_shift" : 19,
            "width_untrim" : 185,
            "height_untrim" : 209,
            "pivotX"        : 0.5,
            "pivotY"        : 0.5
        },
        "106_1_BAN_WIN_185_209_12_00006_1"    : {
            "x" : 835,
            "y" : 1158,
            "w" : 172,
            "h" : 172,
            "x_shift" : 7,
            "y_shift" : 19,
            "width_untrim" : 185,
            "height_untrim" : 209,
            "pivotX"        : 0.5,
            "pivotY"        : 0.5
        },
        "106_1_BAN_WIN_185_209_12_00007"      : {
            "x" : 1187,
            "y" : 1161,
            "w" : 172,
            "h" : 172,
            "x_shift" : 7,
            "y_shift" : 19,
            "width_untrim" : 185,
            "height_untrim" : 209,
            "pivotX"        : 0.5,
            "pivotY"        : 0.5
        },
        "106_1_BAN_WIN_185_209_12_00007_1"    : {
            "x" : 1187,
            "y" : 1161,
            "w" : 172,
            "h" : 172,
            "x_shift" : 7,
            "y_shift" : 19,
            "width_untrim" : 185,
            "height_untrim" : 209,
            "pivotX"        : 0.5,
            "pivotY"        : 0.5
        },
        "106_1_BAN_WIN_185_209_12_00008"      : {
            "x" : 1363,
            "y" : 1161,
            "w" : 172,
            "h" : 172,
            "x_shift" : 7,
            "y_shift" : 19,
            "width_untrim" : 185,
            "height_untrim" : 209,
            "pivotX"        : 0.5,
            "pivotY"        : 0.5
        },
        "106_1_BAN_WIN_185_209_12_00008_1"    : {
            "x" : 1363,
            "y" : 1161,
            "w" : 172,
            "h" : 172,
            "x_shift" : 7,
            "y_shift" : 19,
            "width_untrim" : 185,
            "height_untrim" : 209,
            "pivotX"        : 0.5,
            "pivotY"        : 0.5
        },
        "106_1_BAN_WIN_185_209_12_00009"      : {
            "x" : 1539,
            "y" : 1161,
            "w" : 172,
            "h" : 172,
            "x_shift" : 7,
            "y_shift" : 19,
            "width_untrim" : 185,
            "height_untrim" : 209,
            "pivotX"        : 0.5,
            "pivotY"        : 0.5
        },
        "106_1_BAN_WIN_185_209_12_00009_1"    : {
            "x" : 1539,
            "y" : 1161,
            "w" : 172,
            "h" : 172,
            "x_shift" : 7,
            "y_shift" : 19,
            "width_untrim" : 185,
            "height_untrim" : 209,
            "pivotX"        : 0.5,
            "pivotY"        : 0.5
        },
        "106_1_BAN_WIN_185_209_12_00010"      : {
            "x" : 1715,
            "y" : 1161,
            "w" : 172,
            "h" : 172,
            "x_shift" : 7,
            "y_shift" : 19,
            "width_untrim" : 185,
            "height_untrim" : 209,
            "pivotX"        : 0.5,
            "pivotY"        : 0.5
        },
        "106_1_BAN_WIN_185_209_12_00010_1"    : {
            "x" : 1715,
            "y" : 1161,
            "w" : 172,
            "h" : 172,
            "x_shift" : 7,
            "y_shift" : 19,
            "width_untrim" : 185,
            "height_untrim" : 209,
            "pivotX"        : 0.5,
            "pivotY"        : 0.5
        },
        "106_1_CHE_START_185_209_12_00073"    : {
            "x" : 1891,
            "y" : 1123,
            "w" : 146,
            "h" : 149,
            "x_shift" : 21,
            "y_shift" : 30,
            "width_untrim" : 185,
            "height_untrim" : 209,
            "pivotX"        : 0.5,
            "pivotY"        : 0.5
        },
        "106_1_BAN_START_185_209_12_00073"    : {
            "x" : 1891,
            "y" : 1123,
            "w" : 146,
            "h" : 149,
            "x_shift" : 21,
            "y_shift" : 30,
            "width_untrim" : 185,
            "height_untrim" : 209,
            "pivotX"        : 0.5,
            "pivotY"        : 0.5
        },
        "106_1_APP_START_185_209_12_00073"    : {
            "x" : 1891,
            "y" : 1123,
            "w" : 146,
            "h" : 149,
            "x_shift" : 21,
            "y_shift" : 30,
            "width_untrim" : 185,
            "height_untrim" : 209,
            "pivotX"        : 0.5,
            "pivotY"        : 0.5
        },
        "106_1_BAN_WIN_185_209_12_00011"      : {
            "x" : 1011,
            "y" : 985,
            "w" : 172,
            "h" : 172,
            "x_shift" : 7,
            "y_shift" : 19,
            "width_untrim" : 185,
            "height_untrim" : 209,
            "pivotX"        : 0.5,
            "pivotY"        : 0.5
        },
        "106_1_BAN_WIN_185_209_12_00011_1"    : {
            "x" : 1011,
            "y" : 985,
            "w" : 172,
            "h" : 172,
            "x_shift" : 7,
            "y_shift" : 19,
            "width_untrim" : 185,
            "height_untrim" : 209,
            "pivotX"        : 0.5,
            "pivotY"        : 0.5
        },
        "106_1_BAN_WIN_185_209_12_00012"      : {
            "x" : 483,
            "y" : 982,
            "w" : 172,
            "h" : 172,
            "x_shift" : 7,
            "y_shift" : 19,
            "width_untrim" : 185,
            "height_untrim" : 209,
            "pivotX"        : 0.5,
            "pivotY"        : 0.5
        },
        "106_1_BAN_WIN_185_209_12_00012_1"    : {
            "x" : 483,
            "y" : 982,
            "w" : 172,
            "h" : 172,
            "x_shift" : 7,
            "y_shift" : 19,
            "width_untrim" : 185,
            "height_untrim" : 209,
            "pivotX"        : 0.5,
            "pivotY"        : 0.5
        },
        "106_1_APP_START_185_209_12_00006"    : {
            "x" : 354,
            "y" : 853,
            "w" : 125,
            "h" : 169,
            "x_shift" : 40,
            "y_shift" : 20,
            "width_untrim" : 185,
            "height_untrim" : 209,
            "pivotX"        : 0.5,
            "pivotY"        : 0.5
        },
        "106_1_BAN_WIN_185_209_12_00013"      : {
            "x" : 2,
            "y" : 838,
            "w" : 172,
            "h" : 172,
            "x_shift" : 7,
            "y_shift" : 19,
            "width_untrim" : 185,
            "height_untrim" : 209,
            "pivotX"        : 0.5,
            "pivotY"        : 0.5
        },
        "106_1_BAN_WIN_185_209_12_00013_1"    : {
            "x" : 2,
            "y" : 838,
            "w" : 172,
            "h" : 172,
            "x_shift" : 7,
            "y_shift" : 19,
            "width_untrim" : 185,
            "height_untrim" : 209,
            "pivotX"        : 0.5,
            "pivotY"        : 0.5
        },
        "106_1_BAN_WIN_185_209_12_00014"      : {
            "x" : 178,
            "y" : 838,
            "w" : 172,
            "h" : 172,
            "x_shift" : 7,
            "y_shift" : 19,
            "width_untrim" : 185,
            "height_untrim" : 209,
            "pivotX"        : 0.5,
            "pivotY"        : 0.5
        },
        "106_1_BAN_WIN_185_209_12_00014_1"    : {
            "x" : 178,
            "y" : 838,
            "w" : 172,
            "h" : 172,
            "x_shift" : 7,
            "y_shift" : 19,
            "width_untrim" : 185,
            "height_untrim" : 209,
            "pivotX"        : 0.5,
            "pivotY"        : 0.5
        },
        "106_1_BAN_WIN_185_209_12_00015"      : {
            "x" : 659,
            "y" : 982,
            "w" : 172,
            "h" : 172,
            "x_shift" : 7,
            "y_shift" : 19,
            "width_untrim" : 185,
            "height_untrim" : 209,
            "pivotX"        : 0.5,
            "pivotY"        : 0.5
        },
        "106_1_BAN_WIN_185_209_12_00015_1"    : {
            "x" : 659,
            "y" : 982,
            "w" : 172,
            "h" : 172,
            "x_shift" : 7,
            "y_shift" : 19,
            "width_untrim" : 185,
            "height_untrim" : 209,
            "pivotX"        : 0.5,
            "pivotY"        : 0.5
        },
        "106_1_BAN_IDLE_185_209_12_00001"     : {
            "x" : 835,
            "y" : 982,
            "w" : 172,
            "h" : 172,
            "x_shift" : 7,
            "y_shift" : 19,
            "width_untrim" : 185,
            "height_untrim" : 209,
            "pivotX"        : 0.5,
            "pivotY"        : 0.5
        },
        "106_1_BAN_IDLE_185_209_12_00014"     : {
            "x" : 835,
            "y" : 982,
            "w" : 172,
            "h" : 172,
            "x_shift" : 7,
            "y_shift" : 19,
            "width_untrim" : 185,
            "height_untrim" : 209,
            "pivotX"        : 0.5,
            "pivotY"        : 0.5
        },
        "106_1_BAN_IDLE_185_209_12_00002"     : {
            "x" : 1187,
            "y" : 985,
            "w" : 172,
            "h" : 172,
            "x_shift" : 7,
            "y_shift" : 19,
            "width_untrim" : 185,
            "height_untrim" : 209,
            "pivotX"        : 0.5,
            "pivotY"        : 0.5
        },
        "106_1_BAN_IDLE_185_209_12_00015"     : {
            "x" : 1187,
            "y" : 985,
            "w" : 172,
            "h" : 172,
            "x_shift" : 7,
            "y_shift" : 19,
            "width_untrim" : 185,
            "height_untrim" : 209,
            "pivotX"        : 0.5,
            "pivotY"        : 0.5
        },
        "106_1_BAN_IDLE_185_209_12_00003"     : {
            "x" : 1363,
            "y" : 985,
            "w" : 172,
            "h" : 172,
            "x_shift" : 7,
            "y_shift" : 19,
            "width_untrim" : 185,
            "height_untrim" : 209,
            "pivotX"        : 0.5,
            "pivotY"        : 0.5
        },
        "106_1_BAN_IDLE_185_209_12_00016"     : {
            "x" : 1363,
            "y" : 985,
            "w" : 172,
            "h" : 172,
            "x_shift" : 7,
            "y_shift" : 19,
            "width_untrim" : 185,
            "height_untrim" : 209,
            "pivotX"        : 0.5,
            "pivotY"        : 0.5
        },
        "106_1_BAN_IDLE_185_209_12_00004"     : {
            "x" : 1539,
            "y" : 985,
            "w" : 172,
            "h" : 172,
            "x_shift" : 7,
            "y_shift" : 19,
            "width_untrim" : 185,
            "height_untrim" : 209,
            "pivotX"        : 0.5,
            "pivotY"        : 0.5
        },
        "106_1_BAN_IDLE_185_209_12_00005"     : {
            "x" : 1715,
            "y" : 985,
            "w" : 172,
            "h" : 172,
            "x_shift" : 7,
            "y_shift" : 19,
            "width_untrim" : 185,
            "height_untrim" : 209,
            "pivotX"        : 0.5,
            "pivotY"        : 0.5
        },
        "106_1_CHE_FLIP_DWN_185_209_12_00008" : {
            "x" : 1891,
            "y" : 970,
            "w" : 146,
            "h" : 149,
            "x_shift" : 21,
            "y_shift" : 30,
            "width_untrim" : 185,
            "height_untrim" : 209,
            "pivotX"        : 0.5,
            "pivotY"        : 0.5
        },
        "106_1_BAN_FLIP_DWN_185_209_12_00008" : {
            "x" : 1891,
            "y" : 970,
            "w" : 146,
            "h" : 149,
            "x_shift" : 21,
            "y_shift" : 30,
            "width_untrim" : 185,
            "height_untrim" : 209,
            "pivotX"        : 0.5,
            "pivotY"        : 0.5
        },
        "106_1_APP_FLIP_DWN_185_209_12_00008" : {
            "x" : 1891,
            "y" : 970,
            "w" : 146,
            "h" : 149,
            "x_shift" : 21,
            "y_shift" : 30,
            "width_untrim" : 185,
            "height_untrim" : 209,
            "pivotX"        : 0.5,
            "pivotY"        : 0.5
        },
        "106_1_CHE_FLIP_UP_185_209_12_00012"  : {
            "x" : 2,
            "y" : 625,
            "w" : 116,
            "h" : 209,
            "x_shift" : 20,
            "y_shift" : 0,
            "width_untrim" : 185,
            "height_untrim" : 209,
            "pivotX"        : 0.5,
            "pivotY"        : 0.5
        },
        "106_1_BAN_FLIP_UP_185_209_12_00012"  : {
            "x" : 2,
            "y" : 625,
            "w" : 116,
            "h" : 209,
            "x_shift" : 20,
            "y_shift" : 0,
            "width_untrim" : 185,
            "height_untrim" : 209,
            "pivotX"        : 0.5,
            "pivotY"        : 0.5
        },
        "106_1_APP_FLIP_UP_185_209_12_00012"  : {
            "x" : 2,
            "y" : 625,
            "w" : 116,
            "h" : 209,
            "x_shift" : 20,
            "y_shift" : 0,
            "width_untrim" : 185,
            "height_untrim" : 209,
            "pivotX"        : 0.5,
            "pivotY"        : 0.5
        },
        "106_1_CHE_FLIP_DWN_185_209_12_00002" : {
            "x" : 2,
            "y" : 412,
            "w" : 116,
            "h" : 209,
            "x_shift" : 20,
            "y_shift" : 0,
            "width_untrim" : 185,
            "height_untrim" : 209,
            "pivotX"        : 0.5,
            "pivotY"        : 0.5
        },
        "106_1_BAN_FLIP_DWN_185_209_12_00002" : {
            "x" : 2,
            "y" : 199,
            "w" : 116,
            "h" : 209,
            "x_shift" : 20,
            "y_shift" : 0,
            "width_untrim" : 185,
            "height_untrim" : 209,
            "pivotX"        : 0.5,
            "pivotY"        : 0.5
        },
        "106_1_CHE_START_185_209_12_00004"    : {
            "x" : 2,
            "y" : 2,
            "w" : 36,
            "h" : 193,
            "x_shift" : 79,
            "y_shift" : 8,
            "width_untrim" : 185,
            "height_untrim" : 209,
            "pivotX"        : 0.5,
            "pivotY"        : 0.5
        },
        "106_1_CHE_START_185_209_12_00069"    : {
            "x" : 42,
            "y" : 2,
            "w" : 36,
            "h" : 193,
            "x_shift" : 79,
            "y_shift" : 8,
            "width_untrim" : 185,
            "height_untrim" : 209,
            "pivotX"        : 0.5,
            "pivotY"        : 0.5
        },
        "106_1_BAN_START_185_209_12_00069"    : {
            "x" : 42,
            "y" : 2,
            "w" : 36,
            "h" : 193,
            "x_shift" : 79,
            "y_shift" : 8,
            "width_untrim" : 185,
            "height_untrim" : 209,
            "pivotX"        : 0.5,
            "pivotY"        : 0.5
        },
        "106_1_APP_START_185_209_12_00069"    : {
            "x" : 42,
            "y" : 2,
            "w" : 36,
            "h" : 193,
            "x_shift" : 79,
            "y_shift" : 8,
            "width_untrim" : 185,
            "height_untrim" : 209,
            "pivotX"        : 0.5,
            "pivotY"        : 0.5
        },
        "106_1_BAN_START_185_209_12_00004"    : {
            "x" : 82,
            "y" : 2,
            "w" : 36,
            "h" : 193,
            "x_shift" : 79,
            "y_shift" : 8,
            "width_untrim" : 185,
            "height_untrim" : 209,
            "pivotX"        : 0.5,
            "pivotY"        : 0.5
        },
        "106_1_APP_FLIP_DWN_185_209_12_00002" : {
            "x" : 122,
            "y" : 625,
            "w" : 116,
            "h" : 209,
            "x_shift" : 20,
            "y_shift" : 0,
            "width_untrim" : 185,
            "height_untrim" : 209,
            "pivotX"        : 0.5,
            "pivotY"        : 0.5
        },
        "106_1_CHE_FLIP_UP_185_209_12_00015"  : {
            "x" : 122,
            "y" : 412,
            "w" : 109,
            "h" : 209,
            "x_shift" : 53,
            "y_shift" : 0,
            "width_untrim" : 185,
            "height_untrim" : 209,
            "pivotX"        : 0.5,
            "pivotY"        : 0.5
        },
        "106_1_BAN_FLIP_UP_185_209_12_00015"  : {
            "x" : 122,
            "y" : 199,
            "w" : 109,
            "h" : 209,
            "x_shift" : 53,
            "y_shift" : 0,
            "width_untrim" : 185,
            "height_untrim" : 209,
            "pivotX"        : 0.5,
            "pivotY"        : 0.5
        },
        "106_1_APP_START_185_209_12_00004"    : {
            "x" : 122,
            "y" : 2,
            "w" : 36,
            "h" : 193,
            "x_shift" : 79,
            "y_shift" : 8,
            "width_untrim" : 185,
            "height_untrim" : 209,
            "pivotX"        : 0.5,
            "pivotY"        : 0.5
        },
        "106_1_CHE_START_185_209_12_00003"    : {
            "x" : 162,
            "y" : 2,
            "w" : 35,
            "h" : 193,
            "x_shift" : 70,
            "y_shift" : 8,
            "width_untrim" : 185,
            "height_untrim" : 209,
            "pivotX"        : 0.5,
            "pivotY"        : 0.5
        },
        "106_1_BAN_START_185_209_12_00003"    : {
            "x" : 162,
            "y" : 2,
            "w" : 35,
            "h" : 193,
            "x_shift" : 70,
            "y_shift" : 8,
            "width_untrim" : 185,
            "height_untrim" : 209,
            "pivotX"        : 0.5,
            "pivotY"        : 0.5
        },
        "106_1_APP_START_185_209_12_00003"    : {
            "x" : 162,
            "y" : 2,
            "w" : 35,
            "h" : 193,
            "x_shift" : 70,
            "y_shift" : 8,
            "width_untrim" : 185,
            "height_untrim" : 209,
            "pivotX"        : 0.5,
            "pivotY"        : 0.5
        },
        "106_1_CHE_START_185_209_12_00068"    : {
            "x" : 201,
            "y" : 2,
            "w" : 34,
            "h" : 193,
            "x_shift" : 71,
            "y_shift" : 8,
            "width_untrim" : 185,
            "height_untrim" : 209,
            "pivotX"        : 0.5,
            "pivotY"        : 0.5
        },
        "106_1_APP_FLIP_UP_185_209_12_00015"  : {
            "x" : 235,
            "y" : 412,
            "w" : 109,
            "h" : 209,
            "x_shift" : 53,
            "y_shift" : 0,
            "width_untrim" : 185,
            "height_untrim" : 209,
            "pivotX"        : 0.5,
            "pivotY"        : 0.5
        },
        "106_1_CHE_FLIP_UP_185_209_12_00014"  : {
            "x" : 242,
            "y" : 625,
            "w" : 43,
            "h" : 209,
            "x_shift" : 78,
            "y_shift" : 0,
            "width_untrim" : 185,
            "height_untrim" : 209,
            "pivotX"        : 0.5,
            "pivotY"        : 0.5
        },
        "106_1_BAN_FLIP_UP_185_209_12_00014"  : {
            "x" : 289,
            "y" : 625,
            "w" : 43,
            "h" : 209,
            "x_shift" : 78,
            "y_shift" : 0,
            "width_untrim" : 185,
            "height_untrim" : 209,
            "pivotX"        : 0.5,
            "pivotY"        : 0.5
        },
        "106_1_APP_FLIP_UP_185_209_12_00014"  : {
            "x" : 336,
            "y" : 625,
            "w" : 43,
            "h" : 209,
            "x_shift" : 78,
            "y_shift" : 0,
            "width_untrim" : 185,
            "height_untrim" : 209,
            "pivotX"        : 0.5,
            "pivotY"        : 0.5
        },
        "106_1_CHE_FLIP_UP_185_209_12_00013"  : {
            "x" : 235,
            "y" : 199,
            "w" : 42,
            "h" : 209,
            "x_shift" : 65,
            "y_shift" : 0,
            "width_untrim" : 185,
            "height_untrim" : 209,
            "pivotX"        : 0.5,
            "pivotY"        : 0.5
        },
        "106_1_BAN_FLIP_UP_185_209_12_00013"  : {
            "x" : 235,
            "y" : 199,
            "w" : 42,
            "h" : 209,
            "x_shift" : 65,
            "y_shift" : 0,
            "width_untrim" : 185,
            "height_untrim" : 209,
            "pivotX"        : 0.5,
            "pivotY"        : 0.5
        },
        "106_1_APP_FLIP_UP_185_209_12_00013"  : {
            "x" : 235,
            "y" : 199,
            "w" : 42,
            "h" : 209,
            "x_shift" : 65,
            "y_shift" : 0,
            "width_untrim" : 185,
            "height_untrim" : 209,
            "pivotX"        : 0.5,
            "pivotY"        : 0.5
        },
        "106_1_BAN_START_185_209_12_00068"    : {
            "x" : 239,
            "y" : 2,
            "w" : 34,
            "h" : 193,
            "x_shift" : 71,
            "y_shift" : 8,
            "width_untrim" : 185,
            "height_untrim" : 209,
            "pivotX"        : 0.5,
            "pivotY"        : 0.5
        },
        "106_1_APP_START_185_209_12_00068"    : {
            "x" : 277,
            "y" : 2,
            "w" : 34,
            "h" : 193,
            "x_shift" : 71,
            "y_shift" : 8,
            "width_untrim" : 185,
            "height_untrim" : 209,
            "pivotX"        : 0.5,
            "pivotY"        : 0.5
        },
        "106_1_CHE_FLIP_DWN_185_209_12_00003" : {
            "x" : 281,
            "y" : 199,
            "w" : 42,
            "h" : 209,
            "x_shift" : 65,
            "y_shift" : 0,
            "width_untrim" : 185,
            "height_untrim" : 209,
            "pivotX"        : 0.5,
            "pivotY"        : 0.5
        },
        "106_1_CHE_FLIP_UP_185_209_12_00011"  : {
            "x" : 315,
            "y" : 4,
            "w" : 160,
            "h" : 191,
            "x_shift" : 2,
            "y_shift" : 9,
            "width_untrim" : 185,
            "height_untrim" : 209,
            "pivotX"        : 0.5,
            "pivotY"        : 0.5
        },
        "106_1_BAN_FLIP_UP_185_209_12_00011"  : {
            "x" : 315,
            "y" : 4,
            "w" : 160,
            "h" : 191,
            "x_shift" : 2,
            "y_shift" : 9,
            "width_untrim" : 185,
            "height_untrim" : 209,
            "pivotX"        : 0.5,
            "pivotY"        : 0.5
        },
        "106_1_APP_FLIP_UP_185_209_12_00011"  : {
            "x" : 315,
            "y" : 4,
            "w" : 160,
            "h" : 191,
            "x_shift" : 2,
            "y_shift" : 9,
            "width_untrim" : 185,
            "height_untrim" : 209,
            "pivotX"        : 0.5,
            "pivotY"        : 0.5
        },
        "106_1_CHE_FLIP_DWN_185_209_12_00004" : {
            "x" : 327,
            "y" : 199,
            "w" : 42,
            "h" : 209,
            "x_shift" : 78,
            "y_shift" : 0,
            "width_untrim" : 185,
            "height_untrim" : 209,
            "pivotX"        : 0.5,
            "pivotY"        : 0.5
        },
        "106_1_BAN_FLIP_DWN_185_209_12_00004" : {
            "x" : 327,
            "y" : 199,
            "w" : 42,
            "h" : 209,
            "x_shift" : 78,
            "y_shift" : 0,
            "width_untrim" : 185,
            "height_untrim" : 209,
            "pivotX"        : 0.5,
            "pivotY"        : 0.5
        },
        "106_1_APP_FLIP_DWN_185_209_12_00004" : {
            "x" : 327,
            "y" : 199,
            "w" : 42,
            "h" : 209,
            "x_shift" : 78,
            "y_shift" : 0,
            "width_untrim" : 185,
            "height_untrim" : 209,
            "pivotX"        : 0.5,
            "pivotY"        : 0.5
        },
        "106_1_BAN_FLIP_DWN_185_209_12_00003" : {
            "x" : 348,
            "y" : 412,
            "w" : 42,
            "h" : 209,
            "x_shift" : 65,
            "y_shift" : 0,
            "width_untrim" : 185,
            "height_untrim" : 209,
            "pivotX"        : 0.5,
            "pivotY"        : 0.5
        },
        "106_1_APP_FLIP_DWN_185_209_12_00003" : {
            "x" : 373,
            "y" : 199,
            "w" : 42,
            "h" : 209,
            "x_shift" : 65,
            "y_shift" : 0,
            "width_untrim" : 185,
            "height_untrim" : 209,
            "pivotX"        : 0.5,
            "pivotY"        : 0.5
        },
        "106_1_CHE_FLIP_DWN_185_209_12_00001" : {
            "x" : 383,
            "y" : 658,
            "w" : 160,
            "h" : 191,
            "x_shift" : 2,
            "y_shift" : 9,
            "width_untrim" : 185,
            "height_untrim" : 209,
            "pivotX"        : 0.5,
            "pivotY"        : 0.5
        },
        "106_1_hud_che_mask_00000"            : {
            "x" : 483,
            "y" : 891,
            "w" : 75,
            "h" : 75,
            "x_shift" : 0,
            "y_shift" : 0,
            "width_untrim" : 75,
            "height_untrim" : 75,
            "pivotX"        : 0.5,
            "pivotY"        : 0.5
        },
        "106_1_BAN_FLIP_DWN_185_209_12_00001" : {
            "x" : 394,
            "y" : 463,
            "w" : 160,
            "h" : 191,
            "x_shift" : 2,
            "y_shift" : 9,
            "width_untrim" : 185,
            "height_untrim" : 209,
            "pivotX"        : 0.5,
            "pivotY"        : 0.5
        },
        "106_1_APP_FLIP_DWN_185_209_12_00001" : {
            "x" : 547,
            "y" : 696,
            "w" : 160,
            "h" : 191,
            "x_shift" : 2,
            "y_shift" : 9,
            "width_untrim" : 185,
            "height_untrim" : 209,
            "pivotX"        : 0.5,
            "pivotY"        : 0.5
        },
        "106_1_hud_app_mask_00000"            : {
            "x" : 562,
            "y" : 906,
            "w" : 60,
            "h" : 60,
            "x_shift" : 0,
            "y_shift" : 0,
            "width_untrim" : 60,
            "height_untrim" : 60,
            "pivotX"        : 0.5,
            "pivotY"        : 0.5
        },
        "106_1_hud_ban_mask_00000"            : {
            "x" : 626,
            "y" : 906,
            "w" : 60,
            "h" : 60,
            "x_shift" : 0,
            "y_shift" : 0,
            "width_untrim" : 60,
            "height_untrim" : 60,
            "pivotX"        : 0.5,
            "pivotY"        : 0.5
        },
        "106_1_CHE_FLIP_UP_185_209_12_00017"  : {
            "x" : 419,
            "y" : 274,
            "w" : 167,
            "h" : 185,
            "x_shift" : 17,
            "y_shift" : 12,
            "width_untrim" : 185,
            "height_untrim" : 209,
            "pivotX"        : 0.5,
            "pivotY"        : 0.5
        },
        "106_1_BAN_FLIP_UP_185_209_12_00017"  : {
            "x" : 558,
            "y" : 507,
            "w" : 167,
            "h" : 185,
            "x_shift" : 17,
            "y_shift" : 12,
            "width_untrim" : 185,
            "height_untrim" : 209,
            "pivotX"        : 0.5,
            "pivotY"        : 0.5
        },
        "106_1_APP_FLIP_UP_185_209_12_00017"  : {
            "x" : 711,
            "y" : 781,
            "w" : 167,
            "h" : 185,
            "x_shift" : 17,
            "y_shift" : 12,
            "width_untrim" : 185,
            "height_untrim" : 209,
            "pivotX"        : 0.5,
            "pivotY"        : 0.5
        },
        "106_1_CHE_FLIP_DWN_185_209_12_00005" : {
            "x" : 479,
            "y" : 87,
            "w" : 92,
            "h" : 183,
            "x_shift" : 57,
            "y_shift" : 13,
            "width_untrim" : 185,
            "height_untrim" : 209,
            "pivotX"        : 0.5,
            "pivotY"        : 0.5
        },
        "106_1_BAN_FLIP_DWN_185_209_12_00005" : {
            "x" : 479,
            "y" : 87,
            "w" : 92,
            "h" : 183,
            "x_shift" : 57,
            "y_shift" : 13,
            "width_untrim" : 185,
            "height_untrim" : 209,
            "pivotX"        : 0.5,
            "pivotY"        : 0.5
        },
        "106_1_APP_FLIP_DWN_185_209_12_00005" : {
            "x" : 479,
            "y" : 87,
            "w" : 92,
            "h" : 183,
            "x_shift" : 57,
            "y_shift" : 13,
            "width_untrim" : 185,
            "height_untrim" : 209,
            "pivotX"        : 0.5,
            "pivotY"        : 0.5
        },
        "106_1_CHE_START_185_209_12_00005"    : {
            "x" : 575,
            "y" : 87,
            "w" : 91,
            "h" : 183,
            "x_shift" : 57,
            "y_shift" : 13,
            "width_untrim" : 185,
            "height_untrim" : 209,
            "pivotX"        : 0.5,
            "pivotY"        : 0.5
        },
        "106_1_CHE_START_185_209_12_00070"    : {
            "x" : 590,
            "y" : 320,
            "w" : 91,
            "h" : 183,
            "x_shift" : 57,
            "y_shift" : 13,
            "width_untrim" : 185,
            "height_untrim" : 209,
            "pivotX"        : 0.5,
            "pivotY"        : 0.5
        },
        "106_1_BAN_START_185_209_12_00070"    : {
            "x" : 590,
            "y" : 320,
            "w" : 91,
            "h" : 183,
            "x_shift" : 57,
            "y_shift" : 13,
            "width_untrim" : 185,
            "height_untrim" : 209,
            "pivotX"        : 0.5,
            "pivotY"        : 0.5
        },
        "106_1_APP_START_185_209_12_00070"    : {
            "x" : 590,
            "y" : 320,
            "w" : 91,
            "h" : 183,
            "x_shift" : 57,
            "y_shift" : 13,
            "width_untrim" : 185,
            "height_untrim" : 209,
            "pivotX"        : 0.5,
            "pivotY"        : 0.5
        },
        "106_1_BAN_START_185_209_12_00005"    : {
            "x" : 670,
            "y" : 133,
            "w" : 91,
            "h" : 183,
            "x_shift" : 57,
            "y_shift" : 13,
            "width_untrim" : 185,
            "height_untrim" : 209,
            "pivotX"        : 0.5,
            "pivotY"        : 0.5
        },
        "106_1_APP_START_185_209_12_00005"    : {
            "x" : 685,
            "y" : 320,
            "w" : 91,
            "h" : 183,
            "x_shift" : 57,
            "y_shift" : 13,
            "width_untrim" : 185,
            "height_untrim" : 209,
            "pivotX"        : 0.5,
            "pivotY"        : 0.5
        },
        "106_1_CHE_START_185_209_12_00002"    : {
            "x" : 729,
            "y" : 596,
            "w" : 97,
            "h" : 181,
            "x_shift" : 33,
            "y_shift" : 14,
            "width_untrim" : 185,
            "height_untrim" : 209,
            "pivotX"        : 0.5,
            "pivotY"        : 0.5
        },
        "106_1_BAN_START_185_209_12_00002"    : {
            "x" : 729,
            "y" : 596,
            "w" : 97,
            "h" : 181,
            "x_shift" : 33,
            "y_shift" : 14,
            "width_untrim" : 185,
            "height_untrim" : 209,
            "pivotX"        : 0.5,
            "pivotY"        : 0.5
        },
        "106_1_APP_START_185_209_12_00002"    : {
            "x" : 729,
            "y" : 596,
            "w" : 97,
            "h" : 181,
            "x_shift" : 33,
            "y_shift" : 14,
            "width_untrim" : 185,
            "height_untrim" : 209,
            "pivotX"        : 0.5,
            "pivotY"        : 0.5
        },
        "106_1_CHE_START_185_209_12_00067"    : {
            "x" : 765,
            "y" : 135,
            "w" : 97,
            "h" : 181,
            "x_shift" : 34,
            "y_shift" : 14,
            "width_untrim" : 185,
            "height_untrim" : 209,
            "pivotX"        : 0.5,
            "pivotY"        : 0.5
        },
        "106_1_BAN_START_185_209_12_00067"    : {
            "x" : 780,
            "y" : 411,
            "w" : 97,
            "h" : 181,
            "x_shift" : 34,
            "y_shift" : 14,
            "width_untrim" : 185,
            "height_untrim" : 209,
            "pivotX"        : 0.5,
            "pivotY"        : 0.5
        },
        "106_1_APP_START_185_209_12_00067"    : {
            "x" : 830,
            "y" : 596,
            "w" : 97,
            "h" : 181,
            "x_shift" : 34,
            "y_shift" : 14,
            "width_untrim" : 185,
            "height_untrim" : 209,
            "pivotX"        : 0.5,
            "pivotY"        : 0.5
        },
        "106_1_BAN_IDLE_185_209_12_00006"     : {
            "x" : 882,
            "y" : 794,
            "w" : 172,
            "h" : 172,
            "x_shift" : 7,
            "y_shift" : 19,
            "width_untrim" : 185,
            "height_untrim" : 209,
            "pivotX"        : 0.5,
            "pivotY"        : 0.5
        },
        "106_1_BAN_IDLE_185_209_12_00007"     : {
            "x" : 866,
            "y" : 235,
            "w" : 172,
            "h" : 172,
            "x_shift" : 7,
            "y_shift" : 19,
            "width_untrim" : 185,
            "height_untrim" : 209,
            "pivotX"        : 0.5,
            "pivotY"        : 0.5
        },
        "106_1_BAN_IDLE_185_209_12_00020"     : {
            "x" : 866,
            "y" : 235,
            "w" : 172,
            "h" : 172,
            "x_shift" : 7,
            "y_shift" : 19,
            "width_untrim" : 185,
            "height_untrim" : 209,
            "pivotX"        : 0.5,
            "pivotY"        : 0.5
        },
        "106_1_BAN_IDLE_185_209_12_00008"     : {
            "x" : 881,
            "y" : 420,
            "w" : 172,
            "h" : 172,
            "x_shift" : 7,
            "y_shift" : 19,
            "width_untrim" : 185,
            "height_untrim" : 209,
            "pivotX"        : 0.5,
            "pivotY"        : 0.5
        },
        "106_1_BAN_IDLE_185_209_12_00021"     : {
            "x" : 881,
            "y" : 420,
            "w" : 172,
            "h" : 172,
            "x_shift" : 7,
            "y_shift" : 19,
            "width_untrim" : 185,
            "height_untrim" : 209,
            "pivotX"        : 0.5,
            "pivotY"        : 0.5
        },
        "106_1_BAN_IDLE_185_209_12_00009"     : {
            "x" : 931,
            "y" : 618,
            "w" : 172,
            "h" : 172,
            "x_shift" : 7,
            "y_shift" : 19,
            "width_untrim" : 185,
            "height_untrim" : 209,
            "pivotX"        : 0.5,
            "pivotY"        : 0.5
        },
        "106_1_BAN_IDLE_185_209_12_00022"     : {
            "x" : 931,
            "y" : 618,
            "w" : 172,
            "h" : 172,
            "x_shift" : 7,
            "y_shift" : 19,
            "width_untrim" : 185,
            "height_untrim" : 209,
            "pivotX"        : 0.5,
            "pivotY"        : 0.5
        },
        "106_1_BAN_IDLE_185_209_12_00010"     : {
            "x" : 1058,
            "y" : 794,
            "w" : 172,
            "h" : 172,
            "x_shift" : 7,
            "y_shift" : 19,
            "width_untrim" : 185,
            "height_untrim" : 209,
            "pivotX"        : 0.5,
            "pivotY"        : 0.5
        },
        "106_1_BAN_IDLE_185_209_12_00023"     : {
            "x" : 1058,
            "y" : 794,
            "w" : 172,
            "h" : 172,
            "x_shift" : 7,
            "y_shift" : 19,
            "width_untrim" : 185,
            "height_untrim" : 209,
            "pivotX"        : 0.5,
            "pivotY"        : 0.5
        },
        "106_1_BAN_IDLE_185_209_12_00011"     : {
            "x" : 866,
            "y" : 59,
            "w" : 172,
            "h" : 172,
            "x_shift" : 7,
            "y_shift" : 19,
            "width_untrim" : 185,
            "height_untrim" : 209,
            "pivotX"        : 0.5,
            "pivotY"        : 0.5
        },
        "106_1_BAN_IDLE_185_209_12_00024"     : {
            "x" : 866,
            "y" : 59,
            "w" : 172,
            "h" : 172,
            "x_shift" : 7,
            "y_shift" : 19,
            "width_untrim" : 185,
            "height_untrim" : 209,
            "pivotX"        : 0.5,
            "pivotY"        : 0.5
        },
        "106_1_BAN_IDLE_185_209_12_00012"     : {
            "x" : 1042,
            "y" : 244,
            "w" : 172,
            "h" : 172,
            "x_shift" : 7,
            "y_shift" : 19,
            "width_untrim" : 185,
            "height_untrim" : 209,
            "pivotX"        : 0.5,
            "pivotY"        : 0.5
        },
        "106_1_BAN_IDLE_185_209_12_00025"     : {
            "x" : 1042,
            "y" : 244,
            "w" : 172,
            "h" : 172,
            "x_shift" : 7,
            "y_shift" : 19,
            "width_untrim" : 185,
            "height_untrim" : 209,
            "pivotX"        : 0.5,
            "pivotY"        : 0.5
        },
        "106_1_BAN_IDLE_185_209_12_00017"     : {
            "x" : 1057,
            "y" : 442,
            "w" : 172,
            "h" : 172,
            "x_shift" : 7,
            "y_shift" : 19,
            "width_untrim" : 185,
            "height_untrim" : 209,
            "pivotX"        : 0.5,
            "pivotY"        : 0.5
        },
        "106_1_BAN_IDLE_185_209_12_00018"     : {
            "x" : 1107,
            "y" : 618,
            "w" : 172,
            "h" : 172,
            "x_shift" : 7,
            "y_shift" : 19,
            "width_untrim" : 185,
            "height_untrim" : 209,
            "pivotX"        : 0.5,
            "pivotY"        : 0.5
        },
        "106_1_BAN_IDLE_185_209_12_00019"     : {
            "x" : 1234,
            "y" : 794,
            "w" : 172,
            "h" : 172,
            "x_shift" : 7,
            "y_shift" : 19,
            "width_untrim" : 185,
            "height_untrim" : 209,
            "pivotX"        : 0.5,
            "pivotY"        : 0.5
        },
        "106_1_BAN_FLIP_DWN_185_209_12_00000" : {
            "x" : 1042,
            "y" : 68,
            "w" : 172,
            "h" : 172,
            "x_shift" : 7,
            "y_shift" : 19,
            "width_untrim" : 185,
            "height_untrim" : 209,
            "pivotX"        : 0.5,
            "pivotY"        : 0.5
        },
        "106_1_APP_WIN_185_209_12_00000"      : {
            "x" : 1218,
            "y" : 266,
            "w" : 172,
            "h" : 172,
            "x_shift" : 7,
            "y_shift" : 19,
            "width_untrim" : 185,
            "height_untrim" : 209,
            "pivotX"        : 0.5,
            "pivotY"        : 0.5
        },
        "106_1_APP_WIN_185_209_12_00019"      : {
            "x" : 1218,
            "y" : 266,
            "w" : 172,
            "h" : 172,
            "x_shift" : 7,
            "y_shift" : 19,
            "width_untrim" : 185,
            "height_untrim" : 209,
            "pivotX"        : 0.5,
            "pivotY"        : 0.5
        },
        "106_1_APP_IDLE_185_209_12_00000"     : {
            "x" : 1218,
            "y" : 266,
            "w" : 172,
            "h" : 172,
            "x_shift" : 7,
            "y_shift" : 19,
            "width_untrim" : 185,
            "height_untrim" : 209,
            "pivotX"        : 0.5,
            "pivotY"        : 0.5
        },
        "106_1_APP_IDLE_185_209_12_00013"     : {
            "x" : 1218,
            "y" : 266,
            "w" : 172,
            "h" : 172,
            "x_shift" : 7,
            "y_shift" : 19,
            "width_untrim" : 185,
            "height_untrim" : 209,
            "pivotX"        : 0.5,
            "pivotY"        : 0.5
        },
        "106_1_APP_IDLE_185_209_12_00026"     : {
            "x" : 1218,
            "y" : 266,
            "w" : 172,
            "h" : 172,
            "x_shift" : 7,
            "y_shift" : 19,
            "width_untrim" : 185,
            "height_untrim" : 209,
            "pivotX"        : 0.5,
            "pivotY"        : 0.5
        },
        "106_1_APP_WIN_185_209_12_00000_1"    : {
            "x" : 1218,
            "y" : 266,
            "w" : 172,
            "h" : 172,
            "x_shift" : 7,
            "y_shift" : 19,
            "width_untrim" : 185,
            "height_untrim" : 209,
            "pivotX"        : 0.5,
            "pivotY"        : 0.5
        },
        "106_1_APP_WIN_185_209_12_00019_1"    : {
            "x" : 1218,
            "y" : 266,
            "w" : 172,
            "h" : 172,
            "x_shift" : 7,
            "y_shift" : 19,
            "width_untrim" : 185,
            "height_untrim" : 209,
            "pivotX"        : 0.5,
            "pivotY"        : 0.5
        },
        "106_1_APP_FLIP_UP_185_209_12_00019"  : {
            "x" : 1218,
            "y" : 266,
            "w" : 172,
            "h" : 172,
            "x_shift" : 7,
            "y_shift" : 19,
            "width_untrim" : 185,
            "height_untrim" : 209,
            "pivotX"        : 0.5,
            "pivotY"        : 0.5
        },
        "106_1_APP_WIN_185_209_12_00001"      : {
            "x" : 1233,
            "y" : 442,
            "w" : 172,
            "h" : 172,
            "x_shift" : 7,
            "y_shift" : 19,
            "width_untrim" : 185,
            "height_untrim" : 209,
            "pivotX"        : 0.5,
            "pivotY"        : 0.5
        },
        "106_1_APP_WIN_185_209_12_00001_1"    : {
            "x" : 1233,
            "y" : 442,
            "w" : 172,
            "h" : 172,
            "x_shift" : 7,
            "y_shift" : 19,
            "width_untrim" : 185,
            "height_untrim" : 209,
            "pivotX"        : 0.5,
            "pivotY"        : 0.5
        },
        "106_1_APP_WIN_185_209_12_00002"      : {
            "x" : 1283,
            "y" : 618,
            "w" : 172,
            "h" : 172,
            "x_shift" : 7,
            "y_shift" : 19,
            "width_untrim" : 185,
            "height_untrim" : 209,
            "pivotX"        : 0.5,
            "pivotY"        : 0.5
        },
        "106_1_APP_WIN_185_209_12_00002_1"    : {
            "x" : 1283,
            "y" : 618,
            "w" : 172,
            "h" : 172,
            "x_shift" : 7,
            "y_shift" : 19,
            "width_untrim" : 185,
            "height_untrim" : 209,
            "pivotX"        : 0.5,
            "pivotY"        : 0.5
        },
        "106_1_APP_WIN_185_209_12_00003"      : {
            "x" : 1410,
            "y" : 794,
            "w" : 172,
            "h" : 172,
            "x_shift" : 7,
            "y_shift" : 19,
            "width_untrim" : 185,
            "height_untrim" : 209,
            "pivotX"        : 0.5,
            "pivotY"        : 0.5
        },
        "106_1_APP_WIN_185_209_12_00003_1"    : {
            "x" : 1410,
            "y" : 794,
            "w" : 172,
            "h" : 172,
            "x_shift" : 7,
            "y_shift" : 19,
            "width_untrim" : 185,
            "height_untrim" : 209,
            "pivotX"        : 0.5,
            "pivotY"        : 0.5
        },
        "106_1_APP_WIN_185_209_12_00004"      : {
            "x" : 1218,
            "y" : 90,
            "w" : 172,
            "h" : 172,
            "x_shift" : 7,
            "y_shift" : 19,
            "width_untrim" : 185,
            "height_untrim" : 209,
            "pivotX"        : 0.5,
            "pivotY"        : 0.5
        },
        "106_1_APP_WIN_185_209_12_00004_1"    : {
            "x" : 1218,
            "y" : 90,
            "w" : 172,
            "h" : 172,
            "x_shift" : 7,
            "y_shift" : 19,
            "width_untrim" : 185,
            "height_untrim" : 209,
            "pivotX"        : 0.5,
            "pivotY"        : 0.5
        },
        "106_1_APP_WIN_185_209_12_00005"      : {
            "x" : 1586,
            "y" : 809,
            "w" : 172,
            "h" : 172,
            "x_shift" : 7,
            "y_shift" : 19,
            "width_untrim" : 185,
            "height_untrim" : 209,
            "pivotX"        : 0.5,
            "pivotY"        : 0.5
        },
        "106_1_APP_WIN_185_209_12_00005_1"    : {
            "x" : 1586,
            "y" : 809,
            "w" : 172,
            "h" : 172,
            "x_shift" : 7,
            "y_shift" : 19,
            "width_untrim" : 185,
            "height_untrim" : 209,
            "pivotX"        : 0.5,
            "pivotY"        : 0.5
        },
        "106_1_APP_WIN_185_209_12_00006"      : {
            "x" : 1762,
            "y" : 794,
            "w" : 172,
            "h" : 172,
            "x_shift" : 7,
            "y_shift" : 19,
            "width_untrim" : 185,
            "height_untrim" : 209,
            "pivotX"        : 0.5,
            "pivotY"        : 0.5
        },
        "106_1_APP_WIN_185_209_12_00006_1"    : {
            "x" : 1762,
            "y" : 794,
            "w" : 172,
            "h" : 172,
            "x_shift" : 7,
            "y_shift" : 19,
            "width_untrim" : 185,
            "height_untrim" : 209,
            "pivotX"        : 0.5,
            "pivotY"        : 0.5
        },
        "106_1_APP_WIN_185_209_12_00007"      : {
            "x" : 1586,
            "y" : 633,
            "w" : 172,
            "h" : 172,
            "x_shift" : 7,
            "y_shift" : 19,
            "width_untrim" : 185,
            "height_untrim" : 209,
            "pivotX"        : 0.5,
            "pivotY"        : 0.5
        },
        "106_1_APP_WIN_185_209_12_00007_1"    : {
            "x" : 1586,
            "y" : 633,
            "w" : 172,
            "h" : 172,
            "x_shift" : 7,
            "y_shift" : 19,
            "width_untrim" : 185,
            "height_untrim" : 209,
            "pivotX"        : 0.5,
            "pivotY"        : 0.5
        },
        "106_1_APP_WIN_185_209_12_00008"      : {
            "x" : 1762,
            "y" : 618,
            "w" : 172,
            "h" : 172,
            "x_shift" : 7,
            "y_shift" : 19,
            "width_untrim" : 185,
            "height_untrim" : 209,
            "pivotX"        : 0.5,
            "pivotY"        : 0.5
        },
        "106_1_APP_WIN_185_209_12_00008_1"    : {
            "x" : 1762,
            "y" : 618,
            "w" : 172,
            "h" : 172,
            "x_shift" : 7,
            "y_shift" : 19,
            "width_untrim" : 185,
            "height_untrim" : 209,
            "pivotX"        : 0.5,
            "pivotY"        : 0.5
        },
        "106_1_APP_WIN_185_209_12_00009"      : {
            "x" : 1459,
            "y" : 457,
            "w" : 172,
            "h" : 172,
            "x_shift" : 7,
            "y_shift" : 19,
            "width_untrim" : 185,
            "height_untrim" : 209,
            "pivotX"        : 0.5,
            "pivotY"        : 0.5
        },
        "106_1_APP_WIN_185_209_12_00009_1"    : {
            "x" : 1459,
            "y" : 457,
            "w" : 172,
            "h" : 172,
            "x_shift" : 7,
            "y_shift" : 19,
            "width_untrim" : 185,
            "height_untrim" : 209,
            "pivotX"        : 0.5,
            "pivotY"        : 0.5
        },
        "106_1_APP_WIN_185_209_12_00010"      : {
            "x" : 1635,
            "y" : 442,
            "w" : 172,
            "h" : 172,
            "x_shift" : 7,
            "y_shift" : 19,
            "width_untrim" : 185,
            "height_untrim" : 209,
            "pivotX"        : 0.5,
            "pivotY"        : 0.5
        },
        "106_1_APP_WIN_185_209_12_00010_1"    : {
            "x" : 1635,
            "y" : 442,
            "w" : 172,
            "h" : 172,
            "x_shift" : 7,
            "y_shift" : 19,
            "width_untrim" : 185,
            "height_untrim" : 209,
            "pivotX"        : 0.5,
            "pivotY"        : 0.5
        },
        "106_1_APP_WIN_185_209_12_00011"      : {
            "x" : 1409,
            "y" : 281,
            "w" : 172,
            "h" : 172,
            "x_shift" : 7,
            "y_shift" : 19,
            "width_untrim" : 185,
            "height_untrim" : 209,
            "pivotX"        : 0.5,
            "pivotY"        : 0.5
        },
        "106_1_APP_WIN_185_209_12_00011_1"    : {
            "x" : 1409,
            "y" : 281,
            "w" : 172,
            "h" : 172,
            "x_shift" : 7,
            "y_shift" : 19,
            "width_untrim" : 185,
            "height_untrim" : 209,
            "pivotX"        : 0.5,
            "pivotY"        : 0.5
        },
        "106_1_APP_WIN_185_209_12_00012"      : {
            "x" : 1811,
            "y" : 442,
            "w" : 172,
            "h" : 172,
            "x_shift" : 7,
            "y_shift" : 19,
            "width_untrim" : 185,
            "height_untrim" : 209,
            "pivotX"        : 0.5,
            "pivotY"        : 0.5
        },
        "106_1_APP_WIN_185_209_12_00012_1"    : {
            "x" : 1811,
            "y" : 442,
            "w" : 172,
            "h" : 172,
            "x_shift" : 7,
            "y_shift" : 19,
            "width_untrim" : 185,
            "height_untrim" : 209,
            "pivotX"        : 0.5,
            "pivotY"        : 0.5
        },
        "106_1_APP_WIN_185_209_12_00013"      : {
            "x" : 1394,
            "y" : 105,
            "w" : 172,
            "h" : 172,
            "x_shift" : 7,
            "y_shift" : 19,
            "width_untrim" : 185,
            "height_untrim" : 209,
            "pivotX"        : 0.5,
            "pivotY"        : 0.5
        },
        "106_1_APP_WIN_185_209_12_00013_1"    : {
            "x" : 1394,
            "y" : 105,
            "w" : 172,
            "h" : 172,
            "x_shift" : 7,
            "y_shift" : 19,
            "width_untrim" : 185,
            "height_untrim" : 209,
            "pivotX"        : 0.5,
            "pivotY"        : 0.5
        },
        "106_1_APP_WIN_185_209_12_00014"      : {
            "x" : 1570,
            "y" : 105,
            "w" : 172,
            "h" : 172,
            "x_shift" : 7,
            "y_shift" : 19,
            "width_untrim" : 185,
            "height_untrim" : 209,
            "pivotX"        : 0.5,
            "pivotY"        : 0.5
        },
        "106_1_APP_WIN_185_209_12_00014_1"    : {
            "x" : 1570,
            "y" : 105,
            "w" : 172,
            "h" : 172,
            "x_shift" : 7,
            "y_shift" : 19,
            "width_untrim" : 185,
            "height_untrim" : 209,
            "pivotX"        : 0.5,
            "pivotY"        : 0.5
        },
        "106_1_CHE_START_185_209_12_00007"    : {
            "x" : 1585,
            "y" : 281,
            "w" : 141,
            "h" : 157,
            "x_shift" : 28,
            "y_shift" : 26,
            "width_untrim" : 185,
            "height_untrim" : 209,
            "pivotX"        : 0.5,
            "pivotY"        : 0.5
        },
        "106_1_CHE_START_185_209_12_00072"    : {
            "x" : 1730,
            "y" : 281,
            "w" : 141,
            "h" : 157,
            "x_shift" : 28,
            "y_shift" : 26,
            "width_untrim" : 185,
            "height_untrim" : 209,
            "pivotX"        : 0.5,
            "pivotY"        : 0.5
        },
        "106_1_BAN_START_185_209_12_00072"    : {
            "x" : 1730,
            "y" : 281,
            "w" : 141,
            "h" : 157,
            "x_shift" : 28,
            "y_shift" : 26,
            "width_untrim" : 185,
            "height_untrim" : 209,
            "pivotX"        : 0.5,
            "pivotY"        : 0.5
        },
        "106_1_APP_START_185_209_12_00072"    : {
            "x" : 1730,
            "y" : 281,
            "w" : 141,
            "h" : 157,
            "x_shift" : 28,
            "y_shift" : 26,
            "width_untrim" : 185,
            "height_untrim" : 209,
            "pivotX"        : 0.5,
            "pivotY"        : 0.5
        },
        "106_1_CHE_FLIP_UP_185_209_12_00002"  : {
            "x" : 1875,
            "y" : 267,
            "w" : 171,
            "h" : 171,
            "x_shift" : 7,
            "y_shift" : 19,
            "width_untrim" : 185,
            "height_untrim" : 209,
            "pivotX"        : 0.5,
            "pivotY"        : 0.5
        },
        "106_1_BAN_FLIP_UP_185_209_12_00002"  : {
            "x" : 1875,
            "y" : 267,
            "w" : 171,
            "h" : 171,
            "x_shift" : 7,
            "y_shift" : 19,
            "width_untrim" : 185,
            "height_untrim" : 209,
            "pivotX"        : 0.5,
            "pivotY"        : 0.5
        },
        "106_1_APP_FLIP_UP_185_209_12_00002"  : {
            "x" : 1875,
            "y" : 267,
            "w" : 171,
            "h" : 171,
            "x_shift" : 7,
            "y_shift" : 19,
            "width_untrim" : 185,
            "height_untrim" : 209,
            "pivotX"        : 0.5,
            "pivotY"        : 0.5
        },
        "106_1_APP_WIN_185_209_12_00015"      : {
            "x" : 1746,
            "y" : 91,
            "w" : 172,
            "h" : 172,
            "x_shift" : 7,
            "y_shift" : 19,
            "width_untrim" : 185,
            "height_untrim" : 209,
            "pivotX"        : 0.5,
            "pivotY"        : 0.5
        },
        "106_1_APP_WIN_185_209_12_00015_1"    : {
            "x" : 1746,
            "y" : 91,
            "w" : 172,
            "h" : 172,
            "x_shift" : 7,
            "y_shift" : 19,
            "width_untrim" : 185,
            "height_untrim" : 209,
            "pivotX"        : 0.5,
            "pivotY"        : 0.5
        }
    }
}