
{
    "version" : "1.0-7",
    "entries" : {
        "106_stage_mask_00000" : {
            "x" : 2,
            "y" : 649,
            "w" : 494,
            "h" : 93,
            "x_shift" : 1,
            "y_shift" : 0,
            "width_untrim" : 495,
            "height_untrim" : 96,
            "pivotX"        : 0.5,
            "pivotY"        : 0.5
        },
        "MOOSE_STAND_idle_eyes_95_67_12_00000_1" : {
            "x" : 500,
            "y" : 675,
            "w" : 95,
            "h" : 67,
            "x_shift" : 0,
            "y_shift" : 0,
            "width_untrim" : 95,
            "height_untrim" : 67,
            "pivotX"        : 0.5,
            "pivotY"        : 0.5
        },
        "MOOSE_STAND_idle_eyes_95_67_12_00001_1" : {
            "x" : 500,
            "y" : 675,
            "w" : 95,
            "h" : 67,
            "x_shift" : 0,
            "y_shift" : 0,
            "width_untrim" : 95,
            "height_untrim" : 67,
            "pivotX"        : 0.5,
            "pivotY"        : 0.5
        },
        "MOOSE_STAND_idle_eyes_95_67_12_00002_1" : {
            "x" : 599,
            "y" : 675,
            "w" : 95,
            "h" : 67,
            "x_shift" : 0,
            "y_shift" : 0,
            "width_untrim" : 95,
            "height_untrim" : 67,
            "pivotX"        : 0.5,
            "pivotY"        : 0.5
        },
        "MOOSE_STAND_idle_eyes_95_67_12_00003_1" : {
            "x" : 500,
            "y" : 604,
            "w" : 95,
            "h" : 67,
            "x_shift" : 0,
            "y_shift" : 0,
            "width_untrim" : 95,
            "height_untrim" : 67,
            "pivotX"        : 0.5,
            "pivotY"        : 0.5
        },
        "MOOSE_STAND_idle_eyes_95_67_12_00004_1" : {
            "x" : 500,
            "y" : 604,
            "w" : 95,
            "h" : 67,
            "x_shift" : 0,
            "y_shift" : 0,
            "width_untrim" : 95,
            "height_untrim" : 67,
            "pivotX"        : 0.5,
            "pivotY"        : 0.5
        },
        "MOOSE_STAND_idle_eyes_95_67_12_00005_1" : {
            "x" : 500,
            "y" : 604,
            "w" : 95,
            "h" : 67,
            "x_shift" : 0,
            "y_shift" : 0,
            "width_untrim" : 95,
            "height_untrim" : 67,
            "pivotX"        : 0.5,
            "pivotY"        : 0.5
        },
        "MOOSE_STAND_idle_eyes_95_67_12_00006_1" : {
            "x" : 500,
            "y" : 604,
            "w" : 95,
            "h" : 67,
            "x_shift" : 0,
            "y_shift" : 0,
            "width_untrim" : 95,
            "height_untrim" : 67,
            "pivotX"        : 0.5,
            "pivotY"        : 0.5
        },
        "MOOSE_STAND_idle_eyes_95_67_12_00007_1" : {
            "x" : 500,
            "y" : 604,
            "w" : 95,
            "h" : 67,
            "x_shift" : 0,
            "y_shift" : 0,
            "width_untrim" : 95,
            "height_untrim" : 67,
            "pivotX"        : 0.5,
            "pivotY"        : 0.5
        },
        "MOOSE_STAND_idle_eyes_95_67_12_00008_1" : {
            "x" : 500,
            "y" : 604,
            "w" : 95,
            "h" : 67,
            "x_shift" : 0,
            "y_shift" : 0,
            "width_untrim" : 95,
            "height_untrim" : 67,
            "pivotX"        : 0.5,
            "pivotY"        : 0.5
        },
        "MOOSE_STAND_idle_eyes_95_67_12_00009_1" : {
            "x" : 500,
            "y" : 604,
            "w" : 95,
            "h" : 67,
            "x_shift" : 0,
            "y_shift" : 0,
            "width_untrim" : 95,
            "height_untrim" : 67,
            "pivotX"        : 0.5,
            "pivotY"        : 0.5
        },
        "MOOSE_STAND_idle_eyes_95_67_12_00010_1" : {
            "x" : 500,
            "y" : 604,
            "w" : 95,
            "h" : 67,
            "x_shift" : 0,
            "y_shift" : 0,
            "width_untrim" : 95,
            "height_untrim" : 67,
            "pivotX"        : 0.5,
            "pivotY"        : 0.5
        },
        "MOOSE_STAND_idle_eyes_95_67_12_00011_1" : {
            "x" : 500,
            "y" : 604,
            "w" : 95,
            "h" : 67,
            "x_shift" : 0,
            "y_shift" : 0,
            "width_untrim" : 95,
            "height_untrim" : 67,
            "pivotX"        : 0.5,
            "pivotY"        : 0.5
        },
        "MOOSE_STAND_idle_eyes_95_67_12_00012_1" : {
            "x" : 500,
            "y" : 604,
            "w" : 95,
            "h" : 67,
            "x_shift" : 0,
            "y_shift" : 0,
            "width_untrim" : 95,
            "height_untrim" : 67,
            "pivotX"        : 0.5,
            "pivotY"        : 0.5
        },
        "MOOSE_STAND_idle_eyes_95_67_12_00013_1" : {
            "x" : 500,
            "y" : 604,
            "w" : 95,
            "h" : 67,
            "x_shift" : 0,
            "y_shift" : 0,
            "width_untrim" : 95,
            "height_untrim" : 67,
            "pivotX"        : 0.5,
            "pivotY"        : 0.5
        },
        "MOOSE_STAND_idle_eyes_95_67_12_00014_1" : {
            "x" : 500,
            "y" : 604,
            "w" : 95,
            "h" : 67,
            "x_shift" : 0,
            "y_shift" : 0,
            "width_untrim" : 95,
            "height_untrim" : 67,
            "pivotX"        : 0.5,
            "pivotY"        : 0.5
        },
        "MOOSE_STAND_idle_eyes_95_67_12_00015_1" : {
            "x" : 500,
            "y" : 604,
            "w" : 95,
            "h" : 67,
            "x_shift" : 0,
            "y_shift" : 0,
            "width_untrim" : 95,
            "height_untrim" : 67,
            "pivotX"        : 0.5,
            "pivotY"        : 0.5
        },
        "CHAR_fruit_melon_idle_86_86_12_00002"   : {
            "x" : 599,
            "y" : 596,
            "w" : 76,
            "h" : 75,
            "x_shift" : 5,
            "y_shift" : 3,
            "width_untrim" : 86,
            "height_untrim" : 86,
            "pivotX"        : 0.5,
            "pivotY"        : 0.5
        },
        "CHAR_fruit_apple_idle_89_86_12_00008"   : {
            "x" : 679,
            "y" : 594,
            "w" : 63,
            "h" : 77,
            "x_shift" : 7,
            "y_shift" : 5,
            "width_untrim" : 89,
            "height_untrim" : 86,
            "pivotX"        : 0.5,
            "pivotY"        : 0.5
        },
        "CHAR_fruit_melon_idle_86_86_12_00004"   : {
            "x" : 2,
            "y" : 570,
            "w" : 76,
            "h" : 75,
            "x_shift" : 5,
            "y_shift" : 3,
            "width_untrim" : 86,
            "height_untrim" : 86,
            "pivotX"        : 0.5,
            "pivotY"        : 0.5
        },
        "CHAR_fruit_melon_idle_86_86_12_00010"   : {
            "x" : 82,
            "y" : 570,
            "w" : 76,
            "h" : 75,
            "x_shift" : 4,
            "y_shift" : 3,
            "width_untrim" : 86,
            "height_untrim" : 86,
            "pivotX"        : 0.5,
            "pivotY"        : 0.5
        },
        "CHAR_fruit_melon_idle_86_86_12_00011"   : {
            "x" : 162,
            "y" : 570,
            "w" : 76,
            "h" : 75,
            "x_shift" : 4,
            "y_shift" : 3,
            "width_untrim" : 86,
            "height_untrim" : 86,
            "pivotX"        : 0.5,
            "pivotY"        : 0.5
        },
        "CHAR_fruit_banana_idle_89_86_12_00009"  : {
            "x" : 242,
            "y" : 576,
            "w" : 76,
            "h" : 69,
            "x_shift" : 8,
            "y_shift" : 4,
            "width_untrim" : 89,
            "height_untrim" : 86,
            "pivotX"        : 0.5,
            "pivotY"        : 0.5
        },
        "CHAR_fruit_melon_idle_86_86_12_00000"   : {
            "x" : 322,
            "y" : 570,
            "w" : 75,
            "h" : 75,
            "x_shift" : 5,
            "y_shift" : 4,
            "width_untrim" : 86,
            "height_untrim" : 86,
            "pivotX"        : 0.5,
            "pivotY"        : 0.5
        },
        "CHAR_fruit_melon_idle_86_86_12_00014"   : {
            "x" : 322,
            "y" : 570,
            "w" : 75,
            "h" : 75,
            "x_shift" : 5,
            "y_shift" : 4,
            "width_untrim" : 86,
            "height_untrim" : 86,
            "pivotX"        : 0.5,
            "pivotY"        : 0.5
        },
        "CHAR_fruit_melon_idle_86_86_12_00001"   : {
            "x" : 242,
            "y" : 497,
            "w" : 75,
            "h" : 75,
            "x_shift" : 5,
            "y_shift" : 4,
            "width_untrim" : 86,
            "height_untrim" : 86,
            "pivotX"        : 0.5,
            "pivotY"        : 0.5
        },
        "CHAR_fruit_melon_idle_86_86_12_00003"   : {
            "x" : 401,
            "y" : 570,
            "w" : 75,
            "h" : 75,
            "x_shift" : 6,
            "y_shift" : 3,
            "width_untrim" : 86,
            "height_untrim" : 86,
            "pivotX"        : 0.5,
            "pivotY"        : 0.5
        },
        "CHAR_fruit_melon_idle_86_86_12_00006"   : {
            "x" : 480,
            "y" : 525,
            "w" : 75,
            "h" : 75,
            "x_shift" : 5,
            "y_shift" : 4,
            "width_untrim" : 86,
            "height_untrim" : 86,
            "pivotX"        : 0.5,
            "pivotY"        : 0.5
        },
        "CHAR_fruit_melon_idle_86_86_12_00007"   : {
            "x" : 559,
            "y" : 517,
            "w" : 75,
            "h" : 75,
            "x_shift" : 5,
            "y_shift" : 4,
            "width_untrim" : 86,
            "height_untrim" : 86,
            "pivotX"        : 0.5,
            "pivotY"        : 0.5
        },
        "CHAR_fruit_melon_idle_86_86_12_00008"   : {
            "x" : 638,
            "y" : 515,
            "w" : 75,
            "h" : 75,
            "x_shift" : 5,
            "y_shift" : 3,
            "width_untrim" : 86,
            "height_untrim" : 86,
            "pivotX"        : 0.5,
            "pivotY"        : 0.5
        },
        "CHAR_fruit_melon_idle_86_86_12_00012"   : {
            "x" : 321,
            "y" : 491,
            "w" : 75,
            "h" : 75,
            "x_shift" : 5,
            "y_shift" : 4,
            "width_untrim" : 86,
            "height_untrim" : 86,
            "pivotX"        : 0.5,
            "pivotY"        : 0.5
        },
        "CHAR_fruit_melon_idle_86_86_12_00013"   : {
            "x" : 400,
            "y" : 491,
            "w" : 75,
            "h" : 75,
            "x_shift" : 5,
            "y_shift" : 4,
            "width_untrim" : 86,
            "height_untrim" : 86,
            "pivotX"        : 0.5,
            "pivotY"        : 0.5
        },
        "CHAR_fruit_melon_idle_86_86_12_00005"   : {
            "x" : 479,
            "y" : 447,
            "w" : 75,
            "h" : 74,
            "x_shift" : 5,
            "y_shift" : 4,
            "width_untrim" : 86,
            "height_untrim" : 86,
            "pivotX"        : 0.5,
            "pivotY"        : 0.5
        },
        "CHAR_fruit_banana_idle_89_86_12_00008"  : {
            "x" : 558,
            "y" : 444,
            "w" : 75,
            "h" : 69,
            "x_shift" : 8,
            "y_shift" : 4,
            "width_untrim" : 89,
            "height_untrim" : 86,
            "pivotX"        : 0.5,
            "pivotY"        : 0.5
        },
        "CHAR_fruit_banana_idle_89_86_12_00010"  : {
            "x" : 637,
            "y" : 442,
            "w" : 75,
            "h" : 69,
            "x_shift" : 8,
            "y_shift" : 4,
            "width_untrim" : 89,
            "height_untrim" : 86,
            "pivotX"        : 0.5,
            "pivotY"        : 0.5
        },
        "CHAR_fruit_melon_idle_86_86_12_00009"   : {
            "x" : 2,
            "y" : 491,
            "w" : 74,
            "h" : 75,
            "x_shift" : 5,
            "y_shift" : 3,
            "width_untrim" : 86,
            "height_untrim" : 86,
            "pivotX"        : 0.5,
            "pivotY"        : 0.5
        },
        "CHAR_fruit_banana_idle_89_86_12_00011"  : {
            "x" : 80,
            "y" : 497,
            "w" : 73,
            "h" : 69,
            "x_shift" : 7,
            "y_shift" : 4,
            "width_untrim" : 89,
            "height_untrim" : 86,
            "pivotX"        : 0.5,
            "pivotY"        : 0.5
        },
        "CHAR_fruit_grape_idle_86_86_12_00003"   : {
            "x" : 157,
            "y" : 483,
            "w" : 71,
            "h" : 83,
            "x_shift" : 7,
            "y_shift" : 2,
            "width_untrim" : 86,
            "height_untrim" : 86,
            "pivotX"        : 0.5,
            "pivotY"        : 0.5
        },
        "CHAR_fruit_grape_idle_86_86_12_00010"   : {
            "x" : 157,
            "y" : 483,
            "w" : 71,
            "h" : 83,
            "x_shift" : 7,
            "y_shift" : 2,
            "width_untrim" : 86,
            "height_untrim" : 86,
            "pivotX"        : 0.5,
            "pivotY"        : 0.5
        },
        "CHAR_fruit_grape_idle_86_86_12_00004"   : {
            "x" : 80,
            "y" : 412,
            "w" : 71,
            "h" : 81,
            "x_shift" : 7,
            "y_shift" : 3,
            "width_untrim" : 86,
            "height_untrim" : 86,
            "pivotX"        : 0.5,
            "pivotY"        : 0.5
        },
        "CHAR_fruit_grape_idle_86_86_12_00011"   : {
            "x" : 80,
            "y" : 412,
            "w" : 71,
            "h" : 81,
            "x_shift" : 7,
            "y_shift" : 3,
            "width_untrim" : 86,
            "height_untrim" : 86,
            "pivotX"        : 0.5,
            "pivotY"        : 0.5
        },
        "CHAR_fruit_grape_idle_86_86_12_00005"   : {
            "x" : 2,
            "y" : 406,
            "w" : 71,
            "h" : 81,
            "x_shift" : 7,
            "y_shift" : 3,
            "width_untrim" : 86,
            "height_untrim" : 86,
            "pivotX"        : 0.5,
            "pivotY"        : 0.5
        },
        "CHAR_fruit_grape_idle_86_86_12_00012"   : {
            "x" : 2,
            "y" : 406,
            "w" : 71,
            "h" : 81,
            "x_shift" : 7,
            "y_shift" : 3,
            "width_untrim" : 86,
            "height_untrim" : 86,
            "pivotX"        : 0.5,
            "pivotY"        : 0.5
        },
        "CHAR_fruit_banana_idle_89_86_12_00012"  : {
            "x" : 232,
            "y" : 421,
            "w" : 71,
            "h" : 72,
            "x_shift" : 6,
            "y_shift" : 4,
            "width_untrim" : 89,
            "height_untrim" : 86,
            "pivotX"        : 0.5,
            "pivotY"        : 0.5
        },
        "CHAR_fruit_banana_idle_89_86_12_00007"  : {
            "x" : 155,
            "y" : 408,
            "w" : 71,
            "h" : 71,
            "x_shift" : 8,
            "y_shift" : 3,
            "width_untrim" : 89,
            "height_untrim" : 86,
            "pivotX"        : 0.5,
            "pivotY"        : 0.5
        },
        "CHAR_fruit_grape_idle_86_86_12_00000"   : {
            "x" : 77,
            "y" : 324,
            "w" : 70,
            "h" : 84,
            "x_shift" : 7,
            "y_shift" : 2,
            "width_untrim" : 86,
            "height_untrim" : 86,
            "pivotX"        : 0.5,
            "pivotY"        : 0.5
        },
        "CHAR_fruit_grape_idle_86_86_12_00007"   : {
            "x" : 77,
            "y" : 324,
            "w" : 70,
            "h" : 84,
            "x_shift" : 7,
            "y_shift" : 2,
            "width_untrim" : 86,
            "height_untrim" : 86,
            "pivotX"        : 0.5,
            "pivotY"        : 0.5
        },
        "CHAR_fruit_grape_idle_86_86_12_00014"   : {
            "x" : 77,
            "y" : 324,
            "w" : 70,
            "h" : 84,
            "x_shift" : 7,
            "y_shift" : 2,
            "width_untrim" : 86,
            "height_untrim" : 86,
            "pivotX"        : 0.5,
            "pivotY"        : 0.5
        },
        "CHAR_fruit_grape_idle_86_86_12_00001"   : {
            "x" : 2,
            "y" : 318,
            "w" : 70,
            "h" : 84,
            "x_shift" : 7,
            "y_shift" : 2,
            "width_untrim" : 86,
            "height_untrim" : 86,
            "pivotX"        : 0.5,
            "pivotY"        : 0.5
        },
        "CHAR_fruit_grape_idle_86_86_12_00008"   : {
            "x" : 2,
            "y" : 318,
            "w" : 70,
            "h" : 84,
            "x_shift" : 7,
            "y_shift" : 2,
            "width_untrim" : 86,
            "height_untrim" : 86,
            "pivotX"        : 0.5,
            "pivotY"        : 0.5
        },
        "CHAR_fruit_grape_idle_86_86_12_00002"   : {
            "x" : 307,
            "y" : 404,
            "w" : 70,
            "h" : 83,
            "x_shift" : 7,
            "y_shift" : 2,
            "width_untrim" : 86,
            "height_untrim" : 86,
            "pivotX"        : 0.5,
            "pivotY"        : 0.5
        },
        "CHAR_fruit_grape_idle_86_86_12_00009"   : {
            "x" : 307,
            "y" : 404,
            "w" : 70,
            "h" : 83,
            "x_shift" : 7,
            "y_shift" : 2,
            "width_untrim" : 86,
            "height_untrim" : 86,
            "pivotX"        : 0.5,
            "pivotY"        : 0.5
        },
        "CHAR_fruit_grape_idle_86_86_12_00006"   : {
            "x" : 230,
            "y" : 335,
            "w" : 70,
            "h" : 82,
            "x_shift" : 7,
            "y_shift" : 3,
            "width_untrim" : 86,
            "height_untrim" : 86,
            "pivotX"        : 0.5,
            "pivotY"        : 0.5
        },
        "CHAR_fruit_grape_idle_86_86_12_00013"   : {
            "x" : 230,
            "y" : 335,
            "w" : 70,
            "h" : 82,
            "x_shift" : 7,
            "y_shift" : 3,
            "width_untrim" : 86,
            "height_untrim" : 86,
            "pivotX"        : 0.5,
            "pivotY"        : 0.5
        },
        "CHAR_fruit_banana_idle_89_86_12_00000"  : {
            "x" : 151,
            "y" : 329,
            "w" : 70,
            "h" : 75,
            "x_shift" : 5,
            "y_shift" : 3,
            "width_untrim" : 89,
            "height_untrim" : 86,
            "pivotX"        : 0.5,
            "pivotY"        : 0.5
        },
        "CHAR_fruit_banana_idle_89_86_12_00013"  : {
            "x" : 151,
            "y" : 329,
            "w" : 70,
            "h" : 75,
            "x_shift" : 5,
            "y_shift" : 3,
            "width_untrim" : 89,
            "height_untrim" : 86,
            "pivotX"        : 0.5,
            "pivotY"        : 0.5
        },
        "CHAR_fruit_banana_idle_89_86_12_00014"  : {
            "x" : 151,
            "y" : 329,
            "w" : 70,
            "h" : 75,
            "x_shift" : 5,
            "y_shift" : 3,
            "width_untrim" : 89,
            "height_untrim" : 86,
            "pivotX"        : 0.5,
            "pivotY"        : 0.5
        },
        "ZEE_FLY_CYCLE_idle_eyes_70_60_12_00000" : {
            "x" : 381,
            "y" : 427,
            "w" : 70,
            "h" : 60,
            "x_shift" : 0,
            "y_shift" : 0,
            "width_untrim" : 70,
            "height_untrim" : 60,
            "pivotX"        : 0.5,
            "pivotY"        : 0.5
        },
        "ZEE_FLY_CYCLE_idle_eyes_70_60_12_00001" : {
            "x" : 381,
            "y" : 427,
            "w" : 70,
            "h" : 60,
            "x_shift" : 0,
            "y_shift" : 0,
            "width_untrim" : 70,
            "height_untrim" : 60,
            "pivotX"        : 0.5,
            "pivotY"        : 0.5
        },
        "ZEE_FLY_CYCLE_idle_eyes_70_60_12_00002" : {
            "x" : 381,
            "y" : 427,
            "w" : 70,
            "h" : 60,
            "x_shift" : 0,
            "y_shift" : 0,
            "width_untrim" : 70,
            "height_untrim" : 60,
            "pivotX"        : 0.5,
            "pivotY"        : 0.5
        },
        "ZEE_FLY_CYCLE_idle_eyes_70_60_12_00003" : {
            "x" : 381,
            "y" : 427,
            "w" : 70,
            "h" : 60,
            "x_shift" : 0,
            "y_shift" : 0,
            "width_untrim" : 70,
            "height_untrim" : 60,
            "pivotX"        : 0.5,
            "pivotY"        : 0.5
        },
        "ZEE_FLY_CYCLE_idle_eyes_70_60_12_00004" : {
            "x" : 455,
            "y" : 383,
            "w" : 70,
            "h" : 60,
            "x_shift" : 0,
            "y_shift" : 0,
            "width_untrim" : 70,
            "height_untrim" : 60,
            "pivotX"        : 0.5,
            "pivotY"        : 0.5
        },
        "ZEE_FLY_CYCLE_idle_eyes_70_60_12_00005" : {
            "x" : 381,
            "y" : 363,
            "w" : 70,
            "h" : 60,
            "x_shift" : 0,
            "y_shift" : 0,
            "width_untrim" : 70,
            "height_untrim" : 60,
            "pivotX"        : 0.5,
            "pivotY"        : 0.5
        },
        "ZEE_FLY_CYCLE_idle_eyes_70_60_12_00006" : {
            "x" : 381,
            "y" : 363,
            "w" : 70,
            "h" : 60,
            "x_shift" : 0,
            "y_shift" : 0,
            "width_untrim" : 70,
            "height_untrim" : 60,
            "pivotX"        : 0.5,
            "pivotY"        : 0.5
        },
        "ZEE_FLY_CYCLE_idle_eyes_70_60_12_00007" : {
            "x" : 381,
            "y" : 363,
            "w" : 70,
            "h" : 60,
            "x_shift" : 0,
            "y_shift" : 0,
            "width_untrim" : 70,
            "height_untrim" : 60,
            "pivotX"        : 0.5,
            "pivotY"        : 0.5
        },
        "ZEE_FLY_CYCLE_idle_eyes_70_60_12_00008" : {
            "x" : 381,
            "y" : 363,
            "w" : 70,
            "h" : 60,
            "x_shift" : 0,
            "y_shift" : 0,
            "width_untrim" : 70,
            "height_untrim" : 60,
            "pivotX"        : 0.5,
            "pivotY"        : 0.5
        },
        "ZEE_FLY_CYCLE_idle_eyes_70_60_12_00009" : {
            "x" : 381,
            "y" : 363,
            "w" : 70,
            "h" : 60,
            "x_shift" : 0,
            "y_shift" : 0,
            "width_untrim" : 70,
            "height_untrim" : 60,
            "pivotX"        : 0.5,
            "pivotY"        : 0.5
        },
        "ZEE_FLY_CYCLE_idle_eyes_70_60_12_00010" : {
            "x" : 381,
            "y" : 363,
            "w" : 70,
            "h" : 60,
            "x_shift" : 0,
            "y_shift" : 0,
            "width_untrim" : 70,
            "height_untrim" : 60,
            "pivotX"        : 0.5,
            "pivotY"        : 0.5
        },
        "ZEE_FLY_CYCLE_idle_eyes_70_60_12_00011" : {
            "x" : 381,
            "y" : 363,
            "w" : 70,
            "h" : 60,
            "x_shift" : 0,
            "y_shift" : 0,
            "width_untrim" : 70,
            "height_untrim" : 60,
            "pivotX"        : 0.5,
            "pivotY"        : 0.5
        },
        "ZEE_FLY_CYCLE_idle_eyes_70_60_12_00012" : {
            "x" : 381,
            "y" : 363,
            "w" : 70,
            "h" : 60,
            "x_shift" : 0,
            "y_shift" : 0,
            "width_untrim" : 70,
            "height_untrim" : 60,
            "pivotX"        : 0.5,
            "pivotY"        : 0.5
        },
        "ZEE_FLY_CYCLE_idle_eyes_70_60_12_00013" : {
            "x" : 381,
            "y" : 363,
            "w" : 70,
            "h" : 60,
            "x_shift" : 0,
            "y_shift" : 0,
            "width_untrim" : 70,
            "height_untrim" : 60,
            "pivotX"        : 0.5,
            "pivotY"        : 0.5
        },
        "ZEE_FLY_CYCLE_idle_eyes_70_60_12_00014" : {
            "x" : 381,
            "y" : 363,
            "w" : 70,
            "h" : 60,
            "x_shift" : 0,
            "y_shift" : 0,
            "width_untrim" : 70,
            "height_untrim" : 60,
            "pivotX"        : 0.5,
            "pivotY"        : 0.5
        },
        "ZEE_FLY_CYCLE_idle_eyes_70_60_12_00015" : {
            "x" : 381,
            "y" : 363,
            "w" : 70,
            "h" : 60,
            "x_shift" : 0,
            "y_shift" : 0,
            "width_untrim" : 70,
            "height_untrim" : 60,
            "pivotX"        : 0.5,
            "pivotY"        : 0.5
        },
        "ZEE_FLY_CYCLE_idle_eyes_70_60_12_00016" : {
            "x" : 381,
            "y" : 363,
            "w" : 70,
            "h" : 60,
            "x_shift" : 0,
            "y_shift" : 0,
            "width_untrim" : 70,
            "height_untrim" : 60,
            "pivotX"        : 0.5,
            "pivotY"        : 0.5
        },
        "CHAR_fruit_banana_idle_89_86_12_00002"  : {
            "x" : 304,
            "y" : 323,
            "w" : 69,
            "h" : 77,
            "x_shift" : 5,
            "y_shift" : 3,
            "width_untrim" : 89,
            "height_untrim" : 86,
            "pivotX"        : 0.5,
            "pivotY"        : 0.5
        },
        "CHAR_fruit_banana_idle_89_86_12_00001"  : {
            "x" : 225,
            "y" : 255,
            "w" : 69,
            "h" : 76,
            "x_shift" : 5,
            "y_shift" : 3,
            "width_untrim" : 89,
            "height_untrim" : 86,
            "pivotX"        : 0.5,
            "pivotY"        : 0.5
        },
        "CHAR_fruit_banana_idle_89_86_12_00006"  : {
            "x" : 151,
            "y" : 250,
            "w" : 69,
            "h" : 75,
            "x_shift" : 7,
            "y_shift" : 2,
            "width_untrim" : 89,
            "height_untrim" : 86,
            "pivotX"        : 0.5,
            "pivotY"        : 0.5
        },
        "CHAR_fruit_banana_idle_89_86_12_00004"  : {
            "x" : 76,
            "y" : 241,
            "w" : 68,
            "h" : 79,
            "x_shift" : 5,
            "y_shift" : 2,
            "width_untrim" : 89,
            "height_untrim" : 86,
            "pivotX"        : 0.5,
            "pivotY"        : 0.5
        },
        "CHAR_fruit_banana_idle_89_86_12_00003"  : {
            "x" : 2,
            "y" : 236,
            "w" : 68,
            "h" : 78,
            "x_shift" : 5,
            "y_shift" : 2,
            "width_untrim" : 89,
            "height_untrim" : 86,
            "pivotX"        : 0.5,
            "pivotY"        : 0.5
        },
        "CHAR_fruit_banana_idle_89_86_12_00005"  : {
            "x" : 529,
            "y" : 362,
            "w" : 68,
            "h" : 78,
            "x_shift" : 6,
            "y_shift" : 2,
            "width_untrim" : 89,
            "height_untrim" : 86,
            "pivotX"        : 0.5,
            "pivotY"        : 0.5
        },
        "CHAR_fruit_apple_idle_89_86_12_00001"   : {
            "x" : 455,
            "y" : 307,
            "w" : 66,
            "h" : 72,
            "x_shift" : 10,
            "y_shift" : 2,
            "width_untrim" : 89,
            "height_untrim" : 86,
            "pivotX"        : 0.5,
            "pivotY"        : 0.5
        },
        "CHAR_fruit_apple_idle_89_86_12_00000"   : {
            "x" : 377,
            "y" : 290,
            "w" : 66,
            "h" : 69,
            "x_shift" : 8,
            "y_shift" : 4,
            "width_untrim" : 89,
            "height_untrim" : 86,
            "pivotX"        : 0.5,
            "pivotY"        : 0.5
        },
        "CHAR_fruit_apple_idle_89_86_12_00011"   : {
            "x" : 377,
            "y" : 290,
            "w" : 66,
            "h" : 69,
            "x_shift" : 8,
            "y_shift" : 4,
            "width_untrim" : 89,
            "height_untrim" : 86,
            "pivotX"        : 0.5,
            "pivotY"        : 0.5
        },
        "CHAR_fruit_apple_idle_89_86_12_00003"   : {
            "x" : 298,
            "y" : 239,
            "w" : 64,
            "h" : 80,
            "x_shift" : 13,
            "y_shift" : 3,
            "width_untrim" : 89,
            "height_untrim" : 86,
            "pivotX"        : 0.5,
            "pivotY"        : 0.5
        },
        "CHAR_fruit_apple_idle_89_86_12_00004"   : {
            "x" : 224,
            "y" : 171,
            "w" : 64,
            "h" : 80,
            "x_shift" : 13,
            "y_shift" : 3,
            "width_untrim" : 89,
            "height_untrim" : 86,
            "pivotX"        : 0.5,
            "pivotY"        : 0.5
        },
        "CHAR_fruit_apple_idle_89_86_12_00002"   : {
            "x" : 148,
            "y" : 168,
            "w" : 64,
            "h" : 78,
            "x_shift" : 13,
            "y_shift" : 2,
            "width_untrim" : 89,
            "height_untrim" : 86,
            "pivotX"        : 0.5,
            "pivotY"        : 0.5
        },
        "CHAR_fruit_apple_idle_89_86_12_00005"   : {
            "x" : 74,
            "y" : 159,
            "w" : 64,
            "h" : 78,
            "x_shift" : 12,
            "y_shift" : 3,
            "width_untrim" : 89,
            "height_untrim" : 86,
            "pivotX"        : 0.5,
            "pivotY"        : 0.5
        },
        "CHAR_fruit_apple_idle_89_86_12_00010"   : {
            "x" : 2,
            "y" : 160,
            "w" : 64,
            "h" : 72,
            "x_shift" : 7,
            "y_shift" : 5,
            "width_untrim" : 89,
            "height_untrim" : 86,
            "pivotX"        : 0.5,
            "pivotY"        : 0.5
        },
        "CHAR_fruit_apple_idle_89_86_12_00009"   : {
            "x" : 2,
            "y" : 79,
            "w" : 63,
            "h" : 77,
            "x_shift" : 7,
            "y_shift" : 5,
            "width_untrim" : 89,
            "height_untrim" : 86,
            "pivotX"        : 0.5,
            "pivotY"        : 0.5
        },
        "CHAR_fruit_strawberry_idle_86_86_12_00004" : {
            "x" : 2,
            "y" : 2,
            "w" : 58,
            "h" : 73,
            "x_shift" : 19,
            "y_shift" : 2,
            "width_untrim" : 86,
            "height_untrim" : 86,
            "pivotX"        : 0.5,
            "pivotY"        : 0.5
        },
        "CHAR_fruit_strawberry_idle_86_86_12_00010" : {
            "x" : 64,
            "y" : 2,
            "w" : 58,
            "h" : 73,
            "x_shift" : 12,
            "y_shift" : 2,
            "width_untrim" : 86,
            "height_untrim" : 86,
            "pivotX"        : 0.5,
            "pivotY"        : 0.5
        },
        "CHAR_fruit_apple_idle_89_86_12_00006"      : {
            "x" : 69,
            "y" : 79,
            "w" : 63,
            "h" : 76,
            "x_shift" : 11,
            "y_shift" : 3,
            "width_untrim" : 89,
            "height_untrim" : 86,
            "pivotX"        : 0.5,
            "pivotY"        : 0.5
        },
        "CHAR_fruit_strawberry_idle_86_86_12_00003" : {
            "x" : 126,
            "y" : 2,
            "w" : 57,
            "h" : 73,
            "x_shift" : 19,
            "y_shift" : 2,
            "width_untrim" : 86,
            "height_untrim" : 86,
            "pivotX"        : 0.5,
            "pivotY"        : 0.5
        },
        "CHAR_fruit_apple_idle_89_86_12_00007"      : {
            "x" : 136,
            "y" : 79,
            "w" : 63,
            "h" : 76,
            "x_shift" : 9,
            "y_shift" : 4,
            "width_untrim" : 89,
            "height_untrim" : 86,
            "pivotX"        : 0.5,
            "pivotY"        : 0.5
        },
        "CHAR_fruit_cherry_86_86_12_00005"          : {
            "x" : 187,
            "y" : 2,
            "w" : 56,
            "h" : 73,
            "x_shift" : 17,
            "y_shift" : 3,
            "width_untrim" : 86,
            "height_untrim" : 86,
            "pivotX"        : 0.5,
            "pivotY"        : 0.5
        },
        "CHAR_fruit_strawberry_idle_86_86_12_00007" : {
            "x" : 203,
            "y" : 86,
            "w" : 50,
            "h" : 78,
            "x_shift" : 18,
            "y_shift" : 2,
            "width_untrim" : 86,
            "height_untrim" : 86,
            "pivotX"        : 0.5,
            "pivotY"        : 0.5
        },
        "CHAR_fruit_strawberry_idle_86_86_12_00006" : {
            "x" : 247,
            "y" : 5,
            "w" : 53,
            "h" : 77,
            "x_shift" : 19,
            "y_shift" : 2,
            "width_untrim" : 86,
            "height_untrim" : 86,
            "pivotX"        : 0.5,
            "pivotY"        : 0.5
        },
        "CHAR_fruit_strawberry_idle_86_86_12_00000" : {
            "x" : 257,
            "y" : 90,
            "w" : 52,
            "h" : 77,
            "x_shift" : 17,
            "y_shift" : 2,
            "width_untrim" : 86,
            "height_untrim" : 86,
            "pivotX"        : 0.5,
            "pivotY"        : 0.5
        },
        "CHAR_fruit_strawberry_idle_86_86_12_00014" : {
            "x" : 257,
            "y" : 90,
            "w" : 52,
            "h" : 77,
            "x_shift" : 17,
            "y_shift" : 2,
            "width_untrim" : 86,
            "height_untrim" : 86,
            "pivotX"        : 0.5,
            "pivotY"        : 0.5
        },
        "CHAR_fruit_strawberry_idle_86_86_12_00008" : {
            "x" : 304,
            "y" : 9,
            "w" : 52,
            "h" : 77,
            "x_shift" : 15,
            "y_shift" : 2,
            "width_untrim" : 86,
            "height_untrim" : 86,
            "pivotX"        : 0.5,
            "pivotY"        : 0.5
        },
        "CHAR_fruit_strawberry_idle_86_86_12_00013" : {
            "x" : 313,
            "y" : 158,
            "w" : 52,
            "h" : 77,
            "x_shift" : 17,
            "y_shift" : 2,
            "width_untrim" : 86,
            "height_untrim" : 86,
            "pivotX"        : 0.5,
            "pivotY"        : 0.5
        },
        "CHAR_fruit_strawberry_idle_86_86_12_00001" : {
            "x" : 360,
            "y" : 78,
            "w" : 55,
            "h" : 76,
            "x_shift" : 17,
            "y_shift" : 2,
            "width_untrim" : 86,
            "height_untrim" : 86,
            "pivotX"        : 0.5,
            "pivotY"        : 0.5
        },
        "CHAR_fruit_cherry_86_86_12_00000"          : {
            "x" : 360,
            "y" : 2,
            "w" : 62,
            "h" : 72,
            "x_shift" : 8,
            "y_shift" : 3,
            "width_untrim" : 86,
            "height_untrim" : 86,
            "pivotX"        : 0.5,
            "pivotY"        : 0.5
        },
        "CHAR_fruit_cherry_86_86_12_00013"          : {
            "x" : 360,
            "y" : 2,
            "w" : 62,
            "h" : 72,
            "x_shift" : 8,
            "y_shift" : 3,
            "width_untrim" : 86,
            "height_untrim" : 86,
            "pivotX"        : 0.5,
            "pivotY"        : 0.5
        },
        "CHAR_fruit_cherry_86_86_12_00014"          : {
            "x" : 360,
            "y" : 2,
            "w" : 62,
            "h" : 72,
            "x_shift" : 8,
            "y_shift" : 3,
            "width_untrim" : 86,
            "height_untrim" : 86,
            "pivotX"        : 0.5,
            "pivotY"        : 0.5
        },
        "CHAR_fruit_strawberry_idle_86_86_12_00012" : {
            "x" : 369,
            "y" : 210,
            "w" : 55,
            "h" : 76,
            "x_shift" : 15,
            "y_shift" : 2,
            "width_untrim" : 86,
            "height_untrim" : 86,
            "pivotX"        : 0.5,
            "pivotY"        : 0.5
        },
        "CHAR_fruit_strawberry_idle_86_86_12_00005" : {
            "x" : 419,
            "y" : 131,
            "w" : 56,
            "h" : 75,
            "x_shift" : 19,
            "y_shift" : 2,
            "width_untrim" : 86,
            "height_untrim" : 86,
            "pivotX"        : 0.5,
            "pivotY"        : 0.5
        },
        "CHAR_fruit_strawberry_idle_86_86_12_00009" : {
            "x" : 428,
            "y" : 211,
            "w" : 56,
            "h" : 75,
            "x_shift" : 13,
            "y_shift" : 2,
            "width_untrim" : 86,
            "height_untrim" : 86,
            "pivotX"        : 0.5,
            "pivotY"        : 0.5
        },
        "CHAR_fruit_strawberry_idle_86_86_12_00011" : {
            "x" : 426,
            "y" : 53,
            "w" : 57,
            "h" : 74,
            "x_shift" : 13,
            "y_shift" : 2,
            "width_untrim" : 86,
            "height_untrim" : 86,
            "pivotX"        : 0.5,
            "pivotY"        : 0.5
        },
        "CHAR_fruit_strawberry_idle_86_86_12_00002" : {
            "x" : 479,
            "y" : 133,
            "w" : 56,
            "h" : 74,
            "x_shift" : 18,
            "y_shift" : 2,
            "width_untrim" : 86,
            "height_untrim" : 86,
            "pivotX"        : 0.5,
            "pivotY"        : 0.5
        },
        "CHAR_fruit_cherry_86_86_12_00010"          : {
            "x" : 488,
            "y" : 230,
            "w" : 55,
            "h" : 73,
            "x_shift" : 17,
            "y_shift" : 3,
            "width_untrim" : 86,
            "height_untrim" : 86,
            "pivotX"        : 0.5,
            "pivotY"        : 0.5
        },
        "CHAR_fruit_cherry_86_86_12_00001"          : {
            "x" : 487,
            "y" : 57,
            "w" : 61,
            "h" : 72,
            "x_shift" : 9,
            "y_shift" : 3,
            "width_untrim" : 86,
            "height_untrim" : 86,
            "pivotX"        : 0.5,
            "pivotY"        : 0.5
        },
        "CHAR_fruit_cherry_86_86_12_00006"          : {
            "x" : 539,
            "y" : 154,
            "w" : 61,
            "h" : 72,
            "x_shift" : 17,
            "y_shift" : 4,
            "width_untrim" : 86,
            "height_untrim" : 86,
            "pivotX"        : 0.5,
            "pivotY"        : 0.5
        },
        "CHAR_fruit_cherry_86_86_12_00012"          : {
            "x" : 547,
            "y" : 286,
            "w" : 60,
            "h" : 72,
            "x_shift" : 10,
            "y_shift" : 3,
            "width_untrim" : 86,
            "height_untrim" : 86,
            "pivotX"        : 0.5,
            "pivotY"        : 0.5
        },
        "CHAR_fruit_cherry_86_86_12_00002"          : {
            "x" : 601,
            "y" : 366,
            "w" : 59,
            "h" : 72,
            "x_shift" : 11,
            "y_shift" : 3,
            "width_untrim" : 86,
            "height_untrim" : 86,
            "pivotX"        : 0.5,
            "pivotY"        : 0.5
        },
        "CHAR_fruit_cherry_86_86_12_00007"          : {
            "x" : 664,
            "y" : 367,
            "w" : 63,
            "h" : 71,
            "x_shift" : 18,
            "y_shift" : 5,
            "width_untrim" : 86,
            "height_untrim" : 86,
            "pivotX"        : 0.5,
            "pivotY"        : 0.5
        },
        "CHAR_fruit_cherry_86_86_12_00008"          : {
            "x" : 664,
            "y" : 293,
            "w" : 62,
            "h" : 70,
            "x_shift" : 18,
            "y_shift" : 5,
            "width_untrim" : 86,
            "height_untrim" : 86,
            "pivotX"        : 0.5,
            "pivotY"        : 0.5
        },
        "CHAR_fruit_cherry_86_86_12_00009"          : {
            "x" : 611,
            "y" : 218,
            "w" : 60,
            "h" : 71,
            "x_shift" : 17,
            "y_shift" : 4,
            "width_untrim" : 86,
            "height_untrim" : 86,
            "pivotX"        : 0.5,
            "pivotY"        : 0.5
        },
        "CHAR_fruit_cherry_86_86_12_00011"          : {
            "x" : 675,
            "y" : 217,
            "w" : 57,
            "h" : 72,
            "x_shift" : 14,
            "y_shift" : 3,
            "width_untrim" : 86,
            "height_untrim" : 86,
            "pivotX"        : 0.5,
            "pivotY"        : 0.5
        },
        "CHAR_fruit_cherry_86_86_12_00003"          : {
            "x" : 604,
            "y" : 142,
            "w" : 56,
            "h" : 72,
            "x_shift" : 14,
            "y_shift" : 3,
            "width_untrim" : 86,
            "height_untrim" : 86,
            "pivotX"        : 0.5,
            "pivotY"        : 0.5
        },
        "CHAR_fruit_cherry_86_86_12_00004"          : {
            "x" : 664,
            "y" : 141,
            "w" : 54,
            "h" : 72,
            "x_shift" : 16,
            "y_shift" : 3,
            "width_untrim" : 86,
            "height_untrim" : 86,
            "pivotX"        : 0.5,
            "pivotY"        : 0.5
        }
    }
}