
{
    "version" : "1.0-7",
    "entries" : {
        "106_1_APP_WIN_185_209_12_00016" : {
            "x" : 2,
            "y" : 1608,
            "w" : 172,
            "h" : 172,
            "x_shift" : 7,
            "y_shift" : 19,
            "width_untrim" : 185,
            "height_untrim" : 209,
            "pivotX"        : 0.5,
            "pivotY"        : 0.5
        },
        "106_1_APP_WIN_185_209_12_00016_1" : {
            "x" : 2,
            "y" : 1608,
            "w" : 172,
            "h" : 172,
            "x_shift" : 7,
            "y_shift" : 19,
            "width_untrim" : 185,
            "height_untrim" : 209,
            "pivotX"        : 0.5,
            "pivotY"        : 0.5
        },
        "106_1_APP_WIN_185_209_12_00017"   : {
            "x" : 2,
            "y" : 1432,
            "w" : 172,
            "h" : 172,
            "x_shift" : 7,
            "y_shift" : 19,
            "width_untrim" : 185,
            "height_untrim" : 209,
            "pivotX"        : 0.5,
            "pivotY"        : 0.5
        },
        "106_1_APP_WIN_185_209_12_00017_1" : {
            "x" : 2,
            "y" : 1432,
            "w" : 172,
            "h" : 172,
            "x_shift" : 7,
            "y_shift" : 19,
            "width_untrim" : 185,
            "height_untrim" : 209,
            "pivotX"        : 0.5,
            "pivotY"        : 0.5
        },
        "106_1_APP_WIN_185_209_12_00018"   : {
            "x" : 2,
            "y" : 1256,
            "w" : 172,
            "h" : 172,
            "x_shift" : 7,
            "y_shift" : 19,
            "width_untrim" : 185,
            "height_untrim" : 209,
            "pivotX"        : 0.5,
            "pivotY"        : 0.5
        },
        "106_1_APP_WIN_185_209_12_00018_1" : {
            "x" : 2,
            "y" : 1256,
            "w" : 172,
            "h" : 172,
            "x_shift" : 7,
            "y_shift" : 19,
            "width_untrim" : 185,
            "height_untrim" : 209,
            "pivotX"        : 0.5,
            "pivotY"        : 0.5
        },
        "106_1_APP_IDLE_185_209_12_00001"  : {
            "x" : 2,
            "y" : 1080,
            "w" : 172,
            "h" : 172,
            "x_shift" : 7,
            "y_shift" : 19,
            "width_untrim" : 185,
            "height_untrim" : 209,
            "pivotX"        : 0.5,
            "pivotY"        : 0.5
        },
        "106_1_APP_IDLE_185_209_12_00014"  : {
            "x" : 2,
            "y" : 1080,
            "w" : 172,
            "h" : 172,
            "x_shift" : 7,
            "y_shift" : 19,
            "width_untrim" : 185,
            "height_untrim" : 209,
            "pivotX"        : 0.5,
            "pivotY"        : 0.5
        },
        "106_1_APP_IDLE_185_209_12_00002"  : {
            "x" : 2,
            "y" : 904,
            "w" : 172,
            "h" : 172,
            "x_shift" : 7,
            "y_shift" : 19,
            "width_untrim" : 185,
            "height_untrim" : 209,
            "pivotX"        : 0.5,
            "pivotY"        : 0.5
        },
        "106_1_APP_IDLE_185_209_12_00015"  : {
            "x" : 2,
            "y" : 904,
            "w" : 172,
            "h" : 172,
            "x_shift" : 7,
            "y_shift" : 19,
            "width_untrim" : 185,
            "height_untrim" : 209,
            "pivotX"        : 0.5,
            "pivotY"        : 0.5
        },
        "106_1_APP_IDLE_185_209_12_00003"  : {
            "x" : 2,
            "y" : 728,
            "w" : 172,
            "h" : 172,
            "x_shift" : 7,
            "y_shift" : 19,
            "width_untrim" : 185,
            "height_untrim" : 209,
            "pivotX"        : 0.5,
            "pivotY"        : 0.5
        },
        "106_1_APP_IDLE_185_209_12_00016"  : {
            "x" : 2,
            "y" : 728,
            "w" : 172,
            "h" : 172,
            "x_shift" : 7,
            "y_shift" : 19,
            "width_untrim" : 185,
            "height_untrim" : 209,
            "pivotX"        : 0.5,
            "pivotY"        : 0.5
        },
        "106_1_APP_IDLE_185_209_12_00004"  : {
            "x" : 2,
            "y" : 552,
            "w" : 172,
            "h" : 172,
            "x_shift" : 7,
            "y_shift" : 19,
            "width_untrim" : 185,
            "height_untrim" : 209,
            "pivotX"        : 0.5,
            "pivotY"        : 0.5
        },
        "106_1_APP_IDLE_185_209_12_00017"  : {
            "x" : 2,
            "y" : 552,
            "w" : 172,
            "h" : 172,
            "x_shift" : 7,
            "y_shift" : 19,
            "width_untrim" : 185,
            "height_untrim" : 209,
            "pivotX"        : 0.5,
            "pivotY"        : 0.5
        },
        "106_1_APP_IDLE_185_209_12_00005"  : {
            "x" : 2,
            "y" : 376,
            "w" : 172,
            "h" : 172,
            "x_shift" : 7,
            "y_shift" : 19,
            "width_untrim" : 185,
            "height_untrim" : 209,
            "pivotX"        : 0.5,
            "pivotY"        : 0.5
        },
        "106_1_APP_IDLE_185_209_12_00006"  : {
            "x" : 2,
            "y" : 200,
            "w" : 172,
            "h" : 172,
            "x_shift" : 7,
            "y_shift" : 19,
            "width_untrim" : 185,
            "height_untrim" : 209,
            "pivotX"        : 0.5,
            "pivotY"        : 0.5
        },
        "106_1_APP_IDLE_185_209_12_00007"  : {
            "x" : 2,
            "y" : 24,
            "w" : 172,
            "h" : 172,
            "x_shift" : 7,
            "y_shift" : 19,
            "width_untrim" : 185,
            "height_untrim" : 209,
            "pivotX"        : 0.5,
            "pivotY"        : 0.5
        },
        "106_1_APP_IDLE_185_209_12_00008"  : {
            "x" : 178,
            "y" : 1608,
            "w" : 172,
            "h" : 172,
            "x_shift" : 7,
            "y_shift" : 19,
            "width_untrim" : 185,
            "height_untrim" : 209,
            "pivotX"        : 0.5,
            "pivotY"        : 0.5
        },
        "106_1_APP_IDLE_185_209_12_00009"  : {
            "x" : 354,
            "y" : 1608,
            "w" : 172,
            "h" : 172,
            "x_shift" : 7,
            "y_shift" : 19,
            "width_untrim" : 185,
            "height_untrim" : 209,
            "pivotX"        : 0.5,
            "pivotY"        : 0.5
        },
        "106_1_APP_IDLE_185_209_12_00022"  : {
            "x" : 354,
            "y" : 1608,
            "w" : 172,
            "h" : 172,
            "x_shift" : 7,
            "y_shift" : 19,
            "width_untrim" : 185,
            "height_untrim" : 209,
            "pivotX"        : 0.5,
            "pivotY"        : 0.5
        },
        "106_1_APP_IDLE_185_209_12_00010"  : {
            "x" : 530,
            "y" : 1608,
            "w" : 172,
            "h" : 172,
            "x_shift" : 7,
            "y_shift" : 19,
            "width_untrim" : 185,
            "height_untrim" : 209,
            "pivotX"        : 0.5,
            "pivotY"        : 0.5
        },
        "106_1_APP_IDLE_185_209_12_00023"  : {
            "x" : 530,
            "y" : 1608,
            "w" : 172,
            "h" : 172,
            "x_shift" : 7,
            "y_shift" : 19,
            "width_untrim" : 185,
            "height_untrim" : 209,
            "pivotX"        : 0.5,
            "pivotY"        : 0.5
        },
        "106_1_APP_IDLE_185_209_12_00011"  : {
            "x" : 706,
            "y" : 1608,
            "w" : 172,
            "h" : 172,
            "x_shift" : 7,
            "y_shift" : 19,
            "width_untrim" : 185,
            "height_untrim" : 209,
            "pivotX"        : 0.5,
            "pivotY"        : 0.5
        },
        "106_1_APP_IDLE_185_209_12_00024"  : {
            "x" : 706,
            "y" : 1608,
            "w" : 172,
            "h" : 172,
            "x_shift" : 7,
            "y_shift" : 19,
            "width_untrim" : 185,
            "height_untrim" : 209,
            "pivotX"        : 0.5,
            "pivotY"        : 0.5
        },
        "106_1_APP_IDLE_185_209_12_00012"  : {
            "x" : 882,
            "y" : 1608,
            "w" : 172,
            "h" : 172,
            "x_shift" : 7,
            "y_shift" : 19,
            "width_untrim" : 185,
            "height_untrim" : 209,
            "pivotX"        : 0.5,
            "pivotY"        : 0.5
        },
        "106_1_APP_IDLE_185_209_12_00025"  : {
            "x" : 882,
            "y" : 1608,
            "w" : 172,
            "h" : 172,
            "x_shift" : 7,
            "y_shift" : 19,
            "width_untrim" : 185,
            "height_untrim" : 209,
            "pivotX"        : 0.5,
            "pivotY"        : 0.5
        },
        "106_1_APP_IDLE_185_209_12_00018"  : {
            "x" : 1058,
            "y" : 1608,
            "w" : 172,
            "h" : 172,
            "x_shift" : 7,
            "y_shift" : 19,
            "width_untrim" : 185,
            "height_untrim" : 209,
            "pivotX"        : 0.5,
            "pivotY"        : 0.5
        },
        "106_1_APP_IDLE_185_209_12_00019"  : {
            "x" : 1234,
            "y" : 1608,
            "w" : 172,
            "h" : 172,
            "x_shift" : 7,
            "y_shift" : 19,
            "width_untrim" : 185,
            "height_untrim" : 209,
            "pivotX"        : 0.5,
            "pivotY"        : 0.5
        },
        "106_1_APP_IDLE_185_209_12_00020"  : {
            "x" : 1410,
            "y" : 1608,
            "w" : 172,
            "h" : 172,
            "x_shift" : 7,
            "y_shift" : 19,
            "width_untrim" : 185,
            "height_untrim" : 209,
            "pivotX"        : 0.5,
            "pivotY"        : 0.5
        },
        "106_1_APP_IDLE_185_209_12_00021"  : {
            "x" : 1586,
            "y" : 1608,
            "w" : 172,
            "h" : 172,
            "x_shift" : 7,
            "y_shift" : 19,
            "width_untrim" : 185,
            "height_untrim" : 209,
            "pivotX"        : 0.5,
            "pivotY"        : 0.5
        },
        "106_1_APP_FLIP_DWN_185_209_12_00000" : {
            "x" : 178,
            "y" : 1432,
            "w" : 172,
            "h" : 172,
            "x_shift" : 7,
            "y_shift" : 19,
            "width_untrim" : 185,
            "height_untrim" : 209,
            "pivotX"        : 0.5,
            "pivotY"        : 0.5
        },
        "106_1_GLOW_185_209_00000"            : {
            "x" : 178,
            "y" : 1256,
            "w" : 172,
            "h" : 172,
            "x_shift" : 7,
            "y_shift" : 19,
            "width_untrim" : 185,
            "height_untrim" : 209,
            "pivotX"        : 0.5,
            "pivotY"        : 0.5
        },
        "106_1_CHE_FLIP_UP_185_209_12_00003"  : {
            "x" : 178,
            "y" : 1081,
            "w" : 171,
            "h" : 171,
            "x_shift" : 7,
            "y_shift" : 19,
            "width_untrim" : 185,
            "height_untrim" : 209,
            "pivotX"        : 0.5,
            "pivotY"        : 0.5
        },
        "106_1_BAN_FLIP_UP_185_209_12_00003"  : {
            "x" : 178,
            "y" : 1081,
            "w" : 171,
            "h" : 171,
            "x_shift" : 7,
            "y_shift" : 19,
            "width_untrim" : 185,
            "height_untrim" : 209,
            "pivotX"        : 0.5,
            "pivotY"        : 0.5
        },
        "106_1_APP_FLIP_UP_185_209_12_00003"  : {
            "x" : 178,
            "y" : 1081,
            "w" : 171,
            "h" : 171,
            "x_shift" : 7,
            "y_shift" : 19,
            "width_untrim" : 185,
            "height_untrim" : 209,
            "pivotX"        : 0.5,
            "pivotY"        : 0.5
        },
        "106_1_CHE_FLIP_UP_185_209_12_00001"  : {
            "x" : 178,
            "y" : 908,
            "w" : 169,
            "h" : 169,
            "x_shift" : 8,
            "y_shift" : 20,
            "width_untrim" : 185,
            "height_untrim" : 209,
            "pivotX"        : 0.5,
            "pivotY"        : 0.5
        },
        "106_1_BAN_FLIP_UP_185_209_12_00001"  : {
            "x" : 178,
            "y" : 908,
            "w" : 169,
            "h" : 169,
            "x_shift" : 8,
            "y_shift" : 20,
            "width_untrim" : 185,
            "height_untrim" : 209,
            "pivotX"        : 0.5,
            "pivotY"        : 0.5
        },
        "106_1_APP_FLIP_UP_185_209_12_00001"  : {
            "x" : 178,
            "y" : 908,
            "w" : 169,
            "h" : 169,
            "x_shift" : 8,
            "y_shift" : 20,
            "width_untrim" : 185,
            "height_untrim" : 209,
            "pivotX"        : 0.5,
            "pivotY"        : 0.5
        },
        "106_1_CHE_START_185_209_12_00001"    : {
            "x" : 178,
            "y" : 741,
            "w" : 135,
            "h" : 163,
            "x_shift" : 17,
            "y_shift" : 23,
            "width_untrim" : 185,
            "height_untrim" : 209,
            "pivotX"        : 0.5,
            "pivotY"        : 0.5
        },
        "106_1_BAN_START_185_209_12_00001"    : {
            "x" : 178,
            "y" : 741,
            "w" : 135,
            "h" : 163,
            "x_shift" : 17,
            "y_shift" : 23,
            "width_untrim" : 185,
            "height_untrim" : 209,
            "pivotX"        : 0.5,
            "pivotY"        : 0.5
        },
        "106_1_APP_START_185_209_12_00001"    : {
            "x" : 178,
            "y" : 741,
            "w" : 135,
            "h" : 163,
            "x_shift" : 17,
            "y_shift" : 23,
            "width_untrim" : 185,
            "height_untrim" : 209,
            "pivotX"        : 0.5,
            "pivotY"        : 0.5
        },
        "106_1_CHE_START_185_209_12_00066"    : {
            "x" : 178,
            "y" : 574,
            "w" : 135,
            "h" : 163,
            "x_shift" : 17,
            "y_shift" : 23,
            "width_untrim" : 185,
            "height_untrim" : 209,
            "pivotX"        : 0.5,
            "pivotY"        : 0.5
        },
        "106_1_BAN_START_185_209_12_00066"    : {
            "x" : 178,
            "y" : 407,
            "w" : 135,
            "h" : 163,
            "x_shift" : 17,
            "y_shift" : 23,
            "width_untrim" : 185,
            "height_untrim" : 209,
            "pivotX"        : 0.5,
            "pivotY"        : 0.5
        },
        "106_1_APP_START_185_209_12_00066"    : {
            "x" : 178,
            "y" : 240,
            "w" : 135,
            "h" : 163,
            "x_shift" : 17,
            "y_shift" : 23,
            "width_untrim" : 185,
            "height_untrim" : 209,
            "pivotX"        : 0.5,
            "pivotY"        : 0.5
        },
        "106_1_CHE_FLIP_DWN_185_209_12_00007" : {
            "x" : 178,
            "y" : 79,
            "w" : 141,
            "h" : 157,
            "x_shift" : 28,
            "y_shift" : 26,
            "width_untrim" : 185,
            "height_untrim" : 209,
            "pivotX"        : 0.5,
            "pivotY"        : 0.5
        },
        "106_1_BAN_FLIP_DWN_185_209_12_00007" : {
            "x" : 178,
            "y" : 79,
            "w" : 141,
            "h" : 157,
            "x_shift" : 28,
            "y_shift" : 26,
            "width_untrim" : 185,
            "height_untrim" : 209,
            "pivotX"        : 0.5,
            "pivotY"        : 0.5
        },
        "106_1_APP_FLIP_DWN_185_209_12_00007" : {
            "x" : 178,
            "y" : 79,
            "w" : 141,
            "h" : 157,
            "x_shift" : 28,
            "y_shift" : 26,
            "width_untrim" : 185,
            "height_untrim" : 209,
            "pivotX"        : 0.5,
            "pivotY"        : 0.5
        },
        "106_1_BAN_START_185_209_12_00007"    : {
            "x" : 317,
            "y" : 747,
            "w" : 141,
            "h" : 157,
            "x_shift" : 28,
            "y_shift" : 26,
            "width_untrim" : 185,
            "height_untrim" : 209,
            "pivotX"        : 0.5,
            "pivotY"        : 0.5
        },
        "106_1_APP_START_185_209_12_00007"    : {
            "x" : 351,
            "y" : 920,
            "w" : 141,
            "h" : 157,
            "x_shift" : 28,
            "y_shift" : 26,
            "width_untrim" : 185,
            "height_untrim" : 209,
            "pivotX"        : 0.5,
            "pivotY"        : 0.5
        },
        "106_1_BAN_START_185_209_12_00008"    : {
            "x" : 353,
            "y" : 1103,
            "w" : 146,
            "h" : 149,
            "x_shift" : 21,
            "y_shift" : 30,
            "width_untrim" : 185,
            "height_untrim" : 209,
            "pivotX"        : 0.5,
            "pivotY"        : 0.5
        },
        "106_1_APP_START_185_209_12_00008"    : {
            "x" : 354,
            "y" : 1455,
            "w" : 146,
            "h" : 149,
            "x_shift" : 21,
            "y_shift" : 30,
            "width_untrim" : 185,
            "height_untrim" : 209,
            "pivotX"        : 0.5,
            "pivotY"        : 0.5
        },
        "106_1_CHE_FLIP_UP_185_209_12_00000"  : {
            "x" : 354,
            "y" : 1306,
            "w" : 145,
            "h" : 145,
            "x_shift" : 20,
            "y_shift" : 32,
            "width_untrim" : 185,
            "height_untrim" : 209,
            "pivotX"        : 0.5,
            "pivotY"        : 0.5
        },
        "106_1_CHE_START_185_209_12_00074"    : {
            "x" : 354,
            "y" : 1306,
            "w" : 145,
            "h" : 145,
            "x_shift" : 20,
            "y_shift" : 32,
            "width_untrim" : 185,
            "height_untrim" : 209,
            "pivotX"        : 0.5,
            "pivotY"        : 0.5
        },
        "106_1_BAN_START_185_209_12_00074"    : {
            "x" : 354,
            "y" : 1306,
            "w" : 145,
            "h" : 145,
            "x_shift" : 20,
            "y_shift" : 32,
            "width_untrim" : 185,
            "height_untrim" : 209,
            "pivotX"        : 0.5,
            "pivotY"        : 0.5
        },
        "106_1_BAN_FLIP_UP_185_209_12_00000"  : {
            "x" : 354,
            "y" : 1306,
            "w" : 145,
            "h" : 145,
            "x_shift" : 20,
            "y_shift" : 32,
            "width_untrim" : 185,
            "height_untrim" : 209,
            "pivotX"        : 0.5,
            "pivotY"        : 0.5
        },
        "106_1_APP_FLIP_UP_185_209_12_00000"  : {
            "x" : 354,
            "y" : 1306,
            "w" : 145,
            "h" : 145,
            "x_shift" : 20,
            "y_shift" : 32,
            "width_untrim" : 185,
            "height_untrim" : 209,
            "pivotX"        : 0.5,
            "pivotY"        : 0.5
        },
        "106_1_APP_START_185_209_12_00074"    : {
            "x" : 354,
            "y" : 1306,
            "w" : 145,
            "h" : 145,
            "x_shift" : 20,
            "y_shift" : 32,
            "width_untrim" : 185,
            "height_untrim" : 209,
            "pivotX"        : 0.5,
            "pivotY"        : 0.5
        },
        "106_1_CHE_START_185_209_12_00000"    : {
            "x" : 317,
            "y" : 598,
            "w" : 145,
            "h" : 145,
            "x_shift" : 20,
            "y_shift" : 32,
            "width_untrim" : 185,
            "height_untrim" : 209,
            "pivotX"        : 0.5,
            "pivotY"        : 0.5
        },
        "106_1_BAN_START_185_209_12_00000"    : {
            "x" : 317,
            "y" : 598,
            "w" : 145,
            "h" : 145,
            "x_shift" : 20,
            "y_shift" : 32,
            "width_untrim" : 185,
            "height_untrim" : 209,
            "pivotX"        : 0.5,
            "pivotY"        : 0.5
        },
        "106_1_APP_START_185_209_12_00000"    : {
            "x" : 317,
            "y" : 598,
            "w" : 145,
            "h" : 145,
            "x_shift" : 20,
            "y_shift" : 32,
            "width_untrim" : 185,
            "height_untrim" : 209,
            "pivotX"        : 0.5,
            "pivotY"        : 0.5
        },
        "106_1_CHE_START_185_209_12_00009"    : {
            "x" : 462,
            "y" : 771,
            "w" : 145,
            "h" : 145,
            "x_shift" : 20,
            "y_shift" : 32,
            "width_untrim" : 185,
            "height_untrim" : 209,
            "pivotX"        : 0.5,
            "pivotY"        : 0.5
        },
        "106_1_CHE_START_185_209_12_00010"    : {
            "x" : 462,
            "y" : 771,
            "w" : 145,
            "h" : 145,
            "x_shift" : 20,
            "y_shift" : 32,
            "width_untrim" : 185,
            "height_untrim" : 209,
            "pivotX"        : 0.5,
            "pivotY"        : 0.5
        },
        "106_1_CHE_START_185_209_12_00011"    : {
            "x" : 462,
            "y" : 771,
            "w" : 145,
            "h" : 145,
            "x_shift" : 20,
            "y_shift" : 32,
            "width_untrim" : 185,
            "height_untrim" : 209,
            "pivotX"        : 0.5,
            "pivotY"        : 0.5
        },
        "106_1_CHE_START_185_209_12_00012"    : {
            "x" : 462,
            "y" : 771,
            "w" : 145,
            "h" : 145,
            "x_shift" : 20,
            "y_shift" : 32,
            "width_untrim" : 185,
            "height_untrim" : 209,
            "pivotX"        : 0.5,
            "pivotY"        : 0.5
        },
        "106_1_CHE_START_185_209_12_00013"    : {
            "x" : 462,
            "y" : 771,
            "w" : 145,
            "h" : 145,
            "x_shift" : 20,
            "y_shift" : 32,
            "width_untrim" : 185,
            "height_untrim" : 209,
            "pivotX"        : 0.5,
            "pivotY"        : 0.5
        },
        "106_1_CHE_START_185_209_12_00014"    : {
            "x" : 462,
            "y" : 771,
            "w" : 145,
            "h" : 145,
            "x_shift" : 20,
            "y_shift" : 32,
            "width_untrim" : 185,
            "height_untrim" : 209,
            "pivotX"        : 0.5,
            "pivotY"        : 0.5
        },
        "106_1_CHE_START_185_209_12_00015"    : {
            "x" : 462,
            "y" : 771,
            "w" : 145,
            "h" : 145,
            "x_shift" : 20,
            "y_shift" : 32,
            "width_untrim" : 185,
            "height_untrim" : 209,
            "pivotX"        : 0.5,
            "pivotY"        : 0.5
        },
        "106_1_CHE_START_185_209_12_00034"    : {
            "x" : 462,
            "y" : 771,
            "w" : 145,
            "h" : 145,
            "x_shift" : 20,
            "y_shift" : 32,
            "width_untrim" : 185,
            "height_untrim" : 209,
            "pivotX"        : 0.5,
            "pivotY"        : 0.5
        },
        "106_1_CHE_START_185_209_12_00035"    : {
            "x" : 462,
            "y" : 771,
            "w" : 145,
            "h" : 145,
            "x_shift" : 20,
            "y_shift" : 32,
            "width_untrim" : 185,
            "height_untrim" : 209,
            "pivotX"        : 0.5,
            "pivotY"        : 0.5
        },
        "106_1_CHE_START_185_209_12_00036"    : {
            "x" : 462,
            "y" : 771,
            "w" : 145,
            "h" : 145,
            "x_shift" : 20,
            "y_shift" : 32,
            "width_untrim" : 185,
            "height_untrim" : 209,
            "pivotX"        : 0.5,
            "pivotY"        : 0.5
        },
        "106_1_CHE_START_185_209_12_00037"    : {
            "x" : 462,
            "y" : 771,
            "w" : 145,
            "h" : 145,
            "x_shift" : 20,
            "y_shift" : 32,
            "width_untrim" : 185,
            "height_untrim" : 209,
            "pivotX"        : 0.5,
            "pivotY"        : 0.5
        },
        "106_1_CHE_START_185_209_12_00038"    : {
            "x" : 462,
            "y" : 771,
            "w" : 145,
            "h" : 145,
            "x_shift" : 20,
            "y_shift" : 32,
            "width_untrim" : 185,
            "height_untrim" : 209,
            "pivotX"        : 0.5,
            "pivotY"        : 0.5
        },
        "106_1_CHE_START_185_209_12_00039"    : {
            "x" : 462,
            "y" : 771,
            "w" : 145,
            "h" : 145,
            "x_shift" : 20,
            "y_shift" : 32,
            "width_untrim" : 185,
            "height_untrim" : 209,
            "pivotX"        : 0.5,
            "pivotY"        : 0.5
        },
        "106_1_CHE_START_185_209_12_00040"    : {
            "x" : 462,
            "y" : 771,
            "w" : 145,
            "h" : 145,
            "x_shift" : 20,
            "y_shift" : 32,
            "width_untrim" : 185,
            "height_untrim" : 209,
            "pivotX"        : 0.5,
            "pivotY"        : 0.5
        },
        "106_1_CHE_START_185_209_12_00041"    : {
            "x" : 462,
            "y" : 771,
            "w" : 145,
            "h" : 145,
            "x_shift" : 20,
            "y_shift" : 32,
            "width_untrim" : 185,
            "height_untrim" : 209,
            "pivotX"        : 0.5,
            "pivotY"        : 0.5
        },
        "106_1_CHE_START_185_209_12_00042"    : {
            "x" : 462,
            "y" : 771,
            "w" : 145,
            "h" : 145,
            "x_shift" : 20,
            "y_shift" : 32,
            "width_untrim" : 185,
            "height_untrim" : 209,
            "pivotX"        : 0.5,
            "pivotY"        : 0.5
        },
        "106_1_CHE_START_185_209_12_00043"    : {
            "x" : 462,
            "y" : 771,
            "w" : 145,
            "h" : 145,
            "x_shift" : 20,
            "y_shift" : 32,
            "width_untrim" : 185,
            "height_untrim" : 209,
            "pivotX"        : 0.5,
            "pivotY"        : 0.5
        },
        "106_1_CHE_START_185_209_12_00044"    : {
            "x" : 462,
            "y" : 771,
            "w" : 145,
            "h" : 145,
            "x_shift" : 20,
            "y_shift" : 32,
            "width_untrim" : 185,
            "height_untrim" : 209,
            "pivotX"        : 0.5,
            "pivotY"        : 0.5
        },
        "106_1_CHE_START_185_209_12_00045"    : {
            "x" : 462,
            "y" : 771,
            "w" : 145,
            "h" : 145,
            "x_shift" : 20,
            "y_shift" : 32,
            "width_untrim" : 185,
            "height_untrim" : 209,
            "pivotX"        : 0.5,
            "pivotY"        : 0.5
        },
        "106_1_CHE_START_185_209_12_00046"    : {
            "x" : 462,
            "y" : 771,
            "w" : 145,
            "h" : 145,
            "x_shift" : 20,
            "y_shift" : 32,
            "width_untrim" : 185,
            "height_untrim" : 209,
            "pivotX"        : 0.5,
            "pivotY"        : 0.5
        },
        "106_1_CHE_START_185_209_12_00047"    : {
            "x" : 462,
            "y" : 771,
            "w" : 145,
            "h" : 145,
            "x_shift" : 20,
            "y_shift" : 32,
            "width_untrim" : 185,
            "height_untrim" : 209,
            "pivotX"        : 0.5,
            "pivotY"        : 0.5
        },
        "106_1_CHE_START_185_209_12_00048"    : {
            "x" : 462,
            "y" : 771,
            "w" : 145,
            "h" : 145,
            "x_shift" : 20,
            "y_shift" : 32,
            "width_untrim" : 185,
            "height_untrim" : 209,
            "pivotX"        : 0.5,
            "pivotY"        : 0.5
        },
        "106_1_CHE_START_185_209_12_00049"    : {
            "x" : 462,
            "y" : 771,
            "w" : 145,
            "h" : 145,
            "x_shift" : 20,
            "y_shift" : 32,
            "width_untrim" : 185,
            "height_untrim" : 209,
            "pivotX"        : 0.5,
            "pivotY"        : 0.5
        },
        "106_1_CHE_START_185_209_12_00050"    : {
            "x" : 462,
            "y" : 771,
            "w" : 145,
            "h" : 145,
            "x_shift" : 20,
            "y_shift" : 32,
            "width_untrim" : 185,
            "height_untrim" : 209,
            "pivotX"        : 0.5,
            "pivotY"        : 0.5
        },
        "106_1_CHE_START_185_209_12_00051"    : {
            "x" : 462,
            "y" : 771,
            "w" : 145,
            "h" : 145,
            "x_shift" : 20,
            "y_shift" : 32,
            "width_untrim" : 185,
            "height_untrim" : 209,
            "pivotX"        : 0.5,
            "pivotY"        : 0.5
        },
        "106_1_CHE_START_185_209_12_00052"    : {
            "x" : 462,
            "y" : 771,
            "w" : 145,
            "h" : 145,
            "x_shift" : 20,
            "y_shift" : 32,
            "width_untrim" : 185,
            "height_untrim" : 209,
            "pivotX"        : 0.5,
            "pivotY"        : 0.5
        },
        "106_1_CHE_START_185_209_12_00053"    : {
            "x" : 462,
            "y" : 771,
            "w" : 145,
            "h" : 145,
            "x_shift" : 20,
            "y_shift" : 32,
            "width_untrim" : 185,
            "height_untrim" : 209,
            "pivotX"        : 0.5,
            "pivotY"        : 0.5
        },
        "106_1_CHE_START_185_209_12_00054"    : {
            "x" : 462,
            "y" : 771,
            "w" : 145,
            "h" : 145,
            "x_shift" : 20,
            "y_shift" : 32,
            "width_untrim" : 185,
            "height_untrim" : 209,
            "pivotX"        : 0.5,
            "pivotY"        : 0.5
        },
        "106_1_CHE_START_185_209_12_00055"    : {
            "x" : 462,
            "y" : 771,
            "w" : 145,
            "h" : 145,
            "x_shift" : 20,
            "y_shift" : 32,
            "width_untrim" : 185,
            "height_untrim" : 209,
            "pivotX"        : 0.5,
            "pivotY"        : 0.5
        },
        "106_1_CHE_START_185_209_12_00056"    : {
            "x" : 462,
            "y" : 771,
            "w" : 145,
            "h" : 145,
            "x_shift" : 20,
            "y_shift" : 32,
            "width_untrim" : 185,
            "height_untrim" : 209,
            "pivotX"        : 0.5,
            "pivotY"        : 0.5
        },
        "106_1_CHE_START_185_209_12_00057"    : {
            "x" : 462,
            "y" : 771,
            "w" : 145,
            "h" : 145,
            "x_shift" : 20,
            "y_shift" : 32,
            "width_untrim" : 185,
            "height_untrim" : 209,
            "pivotX"        : 0.5,
            "pivotY"        : 0.5
        },
        "106_1_CHE_START_185_209_12_00058"    : {
            "x" : 462,
            "y" : 771,
            "w" : 145,
            "h" : 145,
            "x_shift" : 20,
            "y_shift" : 32,
            "width_untrim" : 185,
            "height_untrim" : 209,
            "pivotX"        : 0.5,
            "pivotY"        : 0.5
        },
        "106_1_CHE_START_185_209_12_00059"    : {
            "x" : 462,
            "y" : 771,
            "w" : 145,
            "h" : 145,
            "x_shift" : 20,
            "y_shift" : 32,
            "width_untrim" : 185,
            "height_untrim" : 209,
            "pivotX"        : 0.5,
            "pivotY"        : 0.5
        },
        "106_1_CHE_START_185_209_12_00064"    : {
            "x" : 462,
            "y" : 771,
            "w" : 145,
            "h" : 145,
            "x_shift" : 20,
            "y_shift" : 32,
            "width_untrim" : 185,
            "height_untrim" : 209,
            "pivotX"        : 0.5,
            "pivotY"        : 0.5
        },
        "106_1_CHE_START_185_209_12_00065"    : {
            "x" : 462,
            "y" : 771,
            "w" : 145,
            "h" : 145,
            "x_shift" : 20,
            "y_shift" : 32,
            "width_untrim" : 185,
            "height_untrim" : 209,
            "pivotX"        : 0.5,
            "pivotY"        : 0.5
        },
        "106_1_CHE_START_185_209_12_00016"    : {
            "x" : 496,
            "y" : 954,
            "w" : 145,
            "h" : 145,
            "x_shift" : 20,
            "y_shift" : 32,
            "width_untrim" : 185,
            "height_untrim" : 209,
            "pivotX"        : 0.5,
            "pivotY"        : 0.5
        },
        "106_1_CHE_START_185_209_12_00017"    : {
            "x" : 503,
            "y" : 1306,
            "w" : 145,
            "h" : 145,
            "x_shift" : 20,
            "y_shift" : 32,
            "width_untrim" : 185,
            "height_untrim" : 209,
            "pivotX"        : 0.5,
            "pivotY"        : 0.5
        },
        "106_1_CHE_START_185_209_12_00018"    : {
            "x" : 504,
            "y" : 1459,
            "w" : 145,
            "h" : 145,
            "x_shift" : 20,
            "y_shift" : 32,
            "width_untrim" : 185,
            "height_untrim" : 209,
            "pivotX"        : 0.5,
            "pivotY"        : 0.5
        },
        "106_1_CHE_START_185_209_12_00019"    : {
            "x" : 503,
            "y" : 1157,
            "w" : 145,
            "h" : 145,
            "x_shift" : 20,
            "y_shift" : 32,
            "width_untrim" : 185,
            "height_untrim" : 209,
            "pivotX"        : 0.5,
            "pivotY"        : 0.5
        },
        "106_1_CHE_START_185_209_12_00020"    : {
            "x" : 317,
            "y" : 449,
            "w" : 145,
            "h" : 145,
            "x_shift" : 20,
            "y_shift" : 32,
            "width_untrim" : 185,
            "height_untrim" : 209,
            "pivotX"        : 0.5,
            "pivotY"        : 0.5
        },
        "106_1_CHE_START_185_209_12_00021"    : {
            "x" : 317,
            "y" : 300,
            "w" : 145,
            "h" : 145,
            "x_shift" : 20,
            "y_shift" : 32,
            "width_untrim" : 185,
            "height_untrim" : 209,
            "pivotX"        : 0.5,
            "pivotY"        : 0.5
        },
        "106_1_CHE_START_185_209_12_00022"    : {
            "x" : 323,
            "y" : 151,
            "w" : 145,
            "h" : 145,
            "x_shift" : 20,
            "y_shift" : 32,
            "width_untrim" : 185,
            "height_untrim" : 209,
            "pivotX"        : 0.5,
            "pivotY"        : 0.5
        },
        "106_1_CHE_START_185_209_12_00023"    : {
            "x" : 323,
            "y" : 2,
            "w" : 145,
            "h" : 145,
            "x_shift" : 20,
            "y_shift" : 32,
            "width_untrim" : 185,
            "height_untrim" : 209,
            "pivotX"        : 0.5,
            "pivotY"        : 0.5
        },
        "106_1_CHE_START_185_209_12_00024"    : {
            "x" : 466,
            "y" : 622,
            "w" : 145,
            "h" : 145,
            "x_shift" : 20,
            "y_shift" : 32,
            "width_untrim" : 185,
            "height_untrim" : 209,
            "pivotX"        : 0.5,
            "pivotY"        : 0.5
        },
        "106_1_CHE_START_185_209_12_00025"    : {
            "x" : 611,
            "y" : 805,
            "w" : 145,
            "h" : 145,
            "x_shift" : 20,
            "y_shift" : 32,
            "width_untrim" : 185,
            "height_untrim" : 209,
            "pivotX"        : 0.5,
            "pivotY"        : 0.5
        },
        "106_1_CHE_START_185_209_12_00026"    : {
            "x" : 645,
            "y" : 1008,
            "w" : 145,
            "h" : 145,
            "x_shift" : 20,
            "y_shift" : 32,
            "width_untrim" : 185,
            "height_untrim" : 209,
            "pivotX"        : 0.5,
            "pivotY"        : 0.5
        },
        "106_1_CHE_START_185_209_12_00027"    : {
            "x" : 652,
            "y" : 1310,
            "w" : 145,
            "h" : 145,
            "x_shift" : 20,
            "y_shift" : 32,
            "width_untrim" : 185,
            "height_untrim" : 209,
            "pivotX"        : 0.5,
            "pivotY"        : 0.5
        },
        "106_1_CHE_START_185_209_12_00028"    : {
            "x" : 653,
            "y" : 1459,
            "w" : 145,
            "h" : 145,
            "x_shift" : 20,
            "y_shift" : 32,
            "width_untrim" : 185,
            "height_untrim" : 209,
            "pivotX"        : 0.5,
            "pivotY"        : 0.5
        },
        "106_1_CHE_START_185_209_12_00029"    : {
            "x" : 652,
            "y" : 1161,
            "w" : 145,
            "h" : 145,
            "x_shift" : 20,
            "y_shift" : 32,
            "width_untrim" : 185,
            "height_untrim" : 209,
            "pivotX"        : 0.5,
            "pivotY"        : 0.5
        },
        "106_1_CHE_START_185_209_12_00030"    : {
            "x" : 466,
            "y" : 473,
            "w" : 145,
            "h" : 145,
            "x_shift" : 20,
            "y_shift" : 32,
            "width_untrim" : 185,
            "height_untrim" : 209,
            "pivotX"        : 0.5,
            "pivotY"        : 0.5
        },
        "106_1_CHE_START_185_209_12_00031"    : {
            "x" : 466,
            "y" : 324,
            "w" : 145,
            "h" : 145,
            "x_shift" : 20,
            "y_shift" : 32,
            "width_untrim" : 185,
            "height_untrim" : 209,
            "pivotX"        : 0.5,
            "pivotY"        : 0.5
        },
        "106_1_CHE_START_185_209_12_00032"    : {
            "x" : 472,
            "y" : 175,
            "w" : 145,
            "h" : 145,
            "x_shift" : 20,
            "y_shift" : 32,
            "width_untrim" : 185,
            "height_untrim" : 209,
            "pivotX"        : 0.5,
            "pivotY"        : 0.5
        },
        "106_1_CHE_START_185_209_12_00033"    : {
            "x" : 472,
            "y" : 26,
            "w" : 145,
            "h" : 145,
            "x_shift" : 20,
            "y_shift" : 32,
            "width_untrim" : 185,
            "height_untrim" : 209,
            "pivotX"        : 0.5,
            "pivotY"        : 0.5
        },
        "106_1_CHE_START_185_209_12_00060"    : {
            "x" : 615,
            "y" : 656,
            "w" : 145,
            "h" : 145,
            "x_shift" : 20,
            "y_shift" : 32,
            "width_untrim" : 185,
            "height_untrim" : 209,
            "pivotX"        : 0.5,
            "pivotY"        : 0.5
        },
        "106_1_CHE_START_185_209_12_00061"    : {
            "x" : 615,
            "y" : 656,
            "w" : 145,
            "h" : 145,
            "x_shift" : 20,
            "y_shift" : 32,
            "width_untrim" : 185,
            "height_untrim" : 209,
            "pivotX"        : 0.5,
            "pivotY"        : 0.5
        },
        "106_1_CHE_START_185_209_12_00062"    : {
            "x" : 615,
            "y" : 656,
            "w" : 145,
            "h" : 145,
            "x_shift" : 20,
            "y_shift" : 32,
            "width_untrim" : 185,
            "height_untrim" : 209,
            "pivotX"        : 0.5,
            "pivotY"        : 0.5
        },
        "106_1_CHE_START_185_209_12_00063"    : {
            "x" : 615,
            "y" : 656,
            "w" : 145,
            "h" : 145,
            "x_shift" : 20,
            "y_shift" : 32,
            "width_untrim" : 185,
            "height_untrim" : 209,
            "pivotX"        : 0.5,
            "pivotY"        : 0.5
        },
        "106_1_CHE_FLIP_DWN_185_209_12_00009" : {
            "x" : 760,
            "y" : 859,
            "w" : 145,
            "h" : 145,
            "x_shift" : 20,
            "y_shift" : 32,
            "width_untrim" : 185,
            "height_untrim" : 209,
            "pivotX"        : 0.5,
            "pivotY"        : 0.5
        },
        "106_1_BAN_FLIP_DWN_185_209_12_00009" : {
            "x" : 760,
            "y" : 859,
            "w" : 145,
            "h" : 145,
            "x_shift" : 20,
            "y_shift" : 32,
            "width_untrim" : 185,
            "height_untrim" : 209,
            "pivotX"        : 0.5,
            "pivotY"        : 0.5
        },
        "106_1_APP_FLIP_DWN_185_209_12_00009" : {
            "x" : 760,
            "y" : 859,
            "w" : 145,
            "h" : 145,
            "x_shift" : 20,
            "y_shift" : 32,
            "width_untrim" : 185,
            "height_untrim" : 209,
            "pivotX"        : 0.5,
            "pivotY"        : 0.5
        },
        "106_1_BAN_START_185_209_12_00009"    : {
            "x" : 794,
            "y" : 1012,
            "w" : 145,
            "h" : 145,
            "x_shift" : 20,
            "y_shift" : 32,
            "width_untrim" : 185,
            "height_untrim" : 209,
            "pivotX"        : 0.5,
            "pivotY"        : 0.5
        },
        "106_1_BAN_START_185_209_12_00010"    : {
            "x" : 801,
            "y" : 1310,
            "w" : 145,
            "h" : 145,
            "x_shift" : 20,
            "y_shift" : 32,
            "width_untrim" : 185,
            "height_untrim" : 209,
            "pivotX"        : 0.5,
            "pivotY"        : 0.5
        },
        "106_1_BAN_START_185_209_12_00011"    : {
            "x" : 802,
            "y" : 1459,
            "w" : 145,
            "h" : 145,
            "x_shift" : 20,
            "y_shift" : 32,
            "width_untrim" : 185,
            "height_untrim" : 209,
            "pivotX"        : 0.5,
            "pivotY"        : 0.5
        },
        "106_1_BAN_START_185_209_12_00012"    : {
            "x" : 801,
            "y" : 1161,
            "w" : 145,
            "h" : 145,
            "x_shift" : 20,
            "y_shift" : 32,
            "width_untrim" : 185,
            "height_untrim" : 209,
            "pivotX"        : 0.5,
            "pivotY"        : 0.5
        },
        "106_1_BAN_START_185_209_12_00013"    : {
            "x" : 615,
            "y" : 507,
            "w" : 145,
            "h" : 145,
            "x_shift" : 20,
            "y_shift" : 32,
            "width_untrim" : 185,
            "height_untrim" : 209,
            "pivotX"        : 0.5,
            "pivotY"        : 0.5
        },
        "106_1_BAN_START_185_209_12_00014"    : {
            "x" : 615,
            "y" : 358,
            "w" : 145,
            "h" : 145,
            "x_shift" : 20,
            "y_shift" : 32,
            "width_untrim" : 185,
            "height_untrim" : 209,
            "pivotX"        : 0.5,
            "pivotY"        : 0.5
        },
        "106_1_BAN_START_185_209_12_00015"    : {
            "x" : 621,
            "y" : 209,
            "w" : 145,
            "h" : 145,
            "x_shift" : 20,
            "y_shift" : 32,
            "width_untrim" : 185,
            "height_untrim" : 209,
            "pivotX"        : 0.5,
            "pivotY"        : 0.5
        },
        "106_1_BAN_START_185_209_12_00016"    : {
            "x" : 621,
            "y" : 60,
            "w" : 145,
            "h" : 145,
            "x_shift" : 20,
            "y_shift" : 32,
            "width_untrim" : 185,
            "height_untrim" : 209,
            "pivotX"        : 0.5,
            "pivotY"        : 0.5
        },
        "106_1_BAN_START_185_209_12_00017"    : {
            "x" : 764,
            "y" : 710,
            "w" : 145,
            "h" : 145,
            "x_shift" : 20,
            "y_shift" : 32,
            "width_untrim" : 185,
            "height_untrim" : 209,
            "pivotX"        : 0.5,
            "pivotY"        : 0.5
        },
        "106_1_BAN_START_185_209_12_00018"    : {
            "x" : 909,
            "y" : 863,
            "w" : 145,
            "h" : 145,
            "x_shift" : 20,
            "y_shift" : 32,
            "width_untrim" : 185,
            "height_untrim" : 209,
            "pivotX"        : 0.5,
            "pivotY"        : 0.5
        },
        "106_1_BAN_START_185_209_12_00019"    : {
            "x" : 943,
            "y" : 1012,
            "w" : 145,
            "h" : 145,
            "x_shift" : 20,
            "y_shift" : 32,
            "width_untrim" : 185,
            "height_untrim" : 209,
            "pivotX"        : 0.5,
            "pivotY"        : 0.5
        },
        "106_1_BAN_START_185_209_12_00020"    : {
            "x" : 950,
            "y" : 1310,
            "w" : 145,
            "h" : 145,
            "x_shift" : 20,
            "y_shift" : 32,
            "width_untrim" : 185,
            "height_untrim" : 209,
            "pivotX"        : 0.5,
            "pivotY"        : 0.5
        },
        "106_1_BAN_START_185_209_12_00021"    : {
            "x" : 951,
            "y" : 1459,
            "w" : 145,
            "h" : 145,
            "x_shift" : 20,
            "y_shift" : 32,
            "width_untrim" : 185,
            "height_untrim" : 209,
            "pivotX"        : 0.5,
            "pivotY"        : 0.5
        },
        "106_1_BAN_START_185_209_12_00022"    : {
            "x" : 950,
            "y" : 1161,
            "w" : 145,
            "h" : 145,
            "x_shift" : 20,
            "y_shift" : 32,
            "width_untrim" : 185,
            "height_untrim" : 209,
            "pivotX"        : 0.5,
            "pivotY"        : 0.5
        },
        "106_1_BAN_START_185_209_12_00023"    : {
            "x" : 764,
            "y" : 561,
            "w" : 145,
            "h" : 145,
            "x_shift" : 20,
            "y_shift" : 32,
            "width_untrim" : 185,
            "height_untrim" : 209,
            "pivotX"        : 0.5,
            "pivotY"        : 0.5
        },
        "106_1_BAN_START_185_209_12_00024"    : {
            "x" : 764,
            "y" : 412,
            "w" : 145,
            "h" : 145,
            "x_shift" : 20,
            "y_shift" : 32,
            "width_untrim" : 185,
            "height_untrim" : 209,
            "pivotX"        : 0.5,
            "pivotY"        : 0.5
        },
        "106_1_BAN_START_185_209_12_00025"    : {
            "x" : 770,
            "y" : 263,
            "w" : 145,
            "h" : 145,
            "x_shift" : 20,
            "y_shift" : 32,
            "width_untrim" : 185,
            "height_untrim" : 209,
            "pivotX"        : 0.5,
            "pivotY"        : 0.5
        },
        "106_1_BAN_START_185_209_12_00026"    : {
            "x" : 770,
            "y" : 114,
            "w" : 145,
            "h" : 145,
            "x_shift" : 20,
            "y_shift" : 32,
            "width_untrim" : 185,
            "height_untrim" : 209,
            "pivotX"        : 0.5,
            "pivotY"        : 0.5
        },
        "106_1_BAN_START_185_209_12_00027"    : {
            "x" : 913,
            "y" : 714,
            "w" : 145,
            "h" : 145,
            "x_shift" : 20,
            "y_shift" : 32,
            "width_untrim" : 185,
            "height_untrim" : 209,
            "pivotX"        : 0.5,
            "pivotY"        : 0.5
        },
        "106_1_BAN_START_185_209_12_00028"    : {
            "x" : 1058,
            "y" : 863,
            "w" : 145,
            "h" : 145,
            "x_shift" : 20,
            "y_shift" : 32,
            "width_untrim" : 185,
            "height_untrim" : 209,
            "pivotX"        : 0.5,
            "pivotY"        : 0.5
        },
        "106_1_BAN_START_185_209_12_00029"    : {
            "x" : 1092,
            "y" : 1012,
            "w" : 145,
            "h" : 145,
            "x_shift" : 20,
            "y_shift" : 32,
            "width_untrim" : 185,
            "height_untrim" : 209,
            "pivotX"        : 0.5,
            "pivotY"        : 0.5
        },
        "106_1_BAN_START_185_209_12_00030"    : {
            "x" : 1099,
            "y" : 1310,
            "w" : 145,
            "h" : 145,
            "x_shift" : 20,
            "y_shift" : 32,
            "width_untrim" : 185,
            "height_untrim" : 209,
            "pivotX"        : 0.5,
            "pivotY"        : 0.5
        },
        "106_1_BAN_START_185_209_12_00031"    : {
            "x" : 1100,
            "y" : 1459,
            "w" : 145,
            "h" : 145,
            "x_shift" : 20,
            "y_shift" : 32,
            "width_untrim" : 185,
            "height_untrim" : 209,
            "pivotX"        : 0.5,
            "pivotY"        : 0.5
        },
        "106_1_BAN_START_185_209_12_00032"    : {
            "x" : 1099,
            "y" : 1161,
            "w" : 145,
            "h" : 145,
            "x_shift" : 20,
            "y_shift" : 32,
            "width_untrim" : 185,
            "height_untrim" : 209,
            "pivotX"        : 0.5,
            "pivotY"        : 0.5
        },
        "106_1_BAN_START_185_209_12_00033"    : {
            "x" : 913,
            "y" : 565,
            "w" : 145,
            "h" : 145,
            "x_shift" : 20,
            "y_shift" : 32,
            "width_untrim" : 185,
            "height_untrim" : 209,
            "pivotX"        : 0.5,
            "pivotY"        : 0.5
        },
        "106_1_BAN_START_185_209_12_00034"    : {
            "x" : 913,
            "y" : 416,
            "w" : 145,
            "h" : 145,
            "x_shift" : 20,
            "y_shift" : 32,
            "width_untrim" : 185,
            "height_untrim" : 209,
            "pivotX"        : 0.5,
            "pivotY"        : 0.5
        },
        "106_1_BAN_START_185_209_12_00035"    : {
            "x" : 919,
            "y" : 267,
            "w" : 145,
            "h" : 145,
            "x_shift" : 20,
            "y_shift" : 32,
            "width_untrim" : 185,
            "height_untrim" : 209,
            "pivotX"        : 0.5,
            "pivotY"        : 0.5
        },
        "106_1_BAN_START_185_209_12_00036"    : {
            "x" : 919,
            "y" : 267,
            "w" : 145,
            "h" : 145,
            "x_shift" : 20,
            "y_shift" : 32,
            "width_untrim" : 185,
            "height_untrim" : 209,
            "pivotX"        : 0.5,
            "pivotY"        : 0.5
        },
        "106_1_BAN_START_185_209_12_00037"    : {
            "x" : 919,
            "y" : 267,
            "w" : 145,
            "h" : 145,
            "x_shift" : 20,
            "y_shift" : 32,
            "width_untrim" : 185,
            "height_untrim" : 209,
            "pivotX"        : 0.5,
            "pivotY"        : 0.5
        },
        "106_1_BAN_START_185_209_12_00038"    : {
            "x" : 919,
            "y" : 267,
            "w" : 145,
            "h" : 145,
            "x_shift" : 20,
            "y_shift" : 32,
            "width_untrim" : 185,
            "height_untrim" : 209,
            "pivotX"        : 0.5,
            "pivotY"        : 0.5
        },
        "106_1_BAN_START_185_209_12_00039"    : {
            "x" : 919,
            "y" : 267,
            "w" : 145,
            "h" : 145,
            "x_shift" : 20,
            "y_shift" : 32,
            "width_untrim" : 185,
            "height_untrim" : 209,
            "pivotX"        : 0.5,
            "pivotY"        : 0.5
        },
        "106_1_BAN_START_185_209_12_00040"    : {
            "x" : 919,
            "y" : 267,
            "w" : 145,
            "h" : 145,
            "x_shift" : 20,
            "y_shift" : 32,
            "width_untrim" : 185,
            "height_untrim" : 209,
            "pivotX"        : 0.5,
            "pivotY"        : 0.5
        },
        "106_1_BAN_START_185_209_12_00041"    : {
            "x" : 919,
            "y" : 267,
            "w" : 145,
            "h" : 145,
            "x_shift" : 20,
            "y_shift" : 32,
            "width_untrim" : 185,
            "height_untrim" : 209,
            "pivotX"        : 0.5,
            "pivotY"        : 0.5
        },
        "106_1_BAN_START_185_209_12_00042"    : {
            "x" : 919,
            "y" : 267,
            "w" : 145,
            "h" : 145,
            "x_shift" : 20,
            "y_shift" : 32,
            "width_untrim" : 185,
            "height_untrim" : 209,
            "pivotX"        : 0.5,
            "pivotY"        : 0.5
        },
        "106_1_BAN_START_185_209_12_00043"    : {
            "x" : 919,
            "y" : 267,
            "w" : 145,
            "h" : 145,
            "x_shift" : 20,
            "y_shift" : 32,
            "width_untrim" : 185,
            "height_untrim" : 209,
            "pivotX"        : 0.5,
            "pivotY"        : 0.5
        },
        "106_1_BAN_START_185_209_12_00044"    : {
            "x" : 919,
            "y" : 267,
            "w" : 145,
            "h" : 145,
            "x_shift" : 20,
            "y_shift" : 32,
            "width_untrim" : 185,
            "height_untrim" : 209,
            "pivotX"        : 0.5,
            "pivotY"        : 0.5
        },
        "106_1_BAN_START_185_209_12_00045"    : {
            "x" : 919,
            "y" : 267,
            "w" : 145,
            "h" : 145,
            "x_shift" : 20,
            "y_shift" : 32,
            "width_untrim" : 185,
            "height_untrim" : 209,
            "pivotX"        : 0.5,
            "pivotY"        : 0.5
        },
        "106_1_BAN_START_185_209_12_00046"    : {
            "x" : 919,
            "y" : 267,
            "w" : 145,
            "h" : 145,
            "x_shift" : 20,
            "y_shift" : 32,
            "width_untrim" : 185,
            "height_untrim" : 209,
            "pivotX"        : 0.5,
            "pivotY"        : 0.5
        },
        "106_1_BAN_START_185_209_12_00047"    : {
            "x" : 919,
            "y" : 267,
            "w" : 145,
            "h" : 145,
            "x_shift" : 20,
            "y_shift" : 32,
            "width_untrim" : 185,
            "height_untrim" : 209,
            "pivotX"        : 0.5,
            "pivotY"        : 0.5
        },
        "106_1_BAN_START_185_209_12_00048"    : {
            "x" : 919,
            "y" : 267,
            "w" : 145,
            "h" : 145,
            "x_shift" : 20,
            "y_shift" : 32,
            "width_untrim" : 185,
            "height_untrim" : 209,
            "pivotX"        : 0.5,
            "pivotY"        : 0.5
        },
        "106_1_BAN_START_185_209_12_00049"    : {
            "x" : 919,
            "y" : 267,
            "w" : 145,
            "h" : 145,
            "x_shift" : 20,
            "y_shift" : 32,
            "width_untrim" : 185,
            "height_untrim" : 209,
            "pivotX"        : 0.5,
            "pivotY"        : 0.5
        },
        "106_1_BAN_START_185_209_12_00050"    : {
            "x" : 919,
            "y" : 267,
            "w" : 145,
            "h" : 145,
            "x_shift" : 20,
            "y_shift" : 32,
            "width_untrim" : 185,
            "height_untrim" : 209,
            "pivotX"        : 0.5,
            "pivotY"        : 0.5
        },
        "106_1_BAN_START_185_209_12_00051"    : {
            "x" : 919,
            "y" : 267,
            "w" : 145,
            "h" : 145,
            "x_shift" : 20,
            "y_shift" : 32,
            "width_untrim" : 185,
            "height_untrim" : 209,
            "pivotX"        : 0.5,
            "pivotY"        : 0.5
        },
        "106_1_BAN_START_185_209_12_00052"    : {
            "x" : 919,
            "y" : 267,
            "w" : 145,
            "h" : 145,
            "x_shift" : 20,
            "y_shift" : 32,
            "width_untrim" : 185,
            "height_untrim" : 209,
            "pivotX"        : 0.5,
            "pivotY"        : 0.5
        },
        "106_1_BAN_START_185_209_12_00053"    : {
            "x" : 919,
            "y" : 267,
            "w" : 145,
            "h" : 145,
            "x_shift" : 20,
            "y_shift" : 32,
            "width_untrim" : 185,
            "height_untrim" : 209,
            "pivotX"        : 0.5,
            "pivotY"        : 0.5
        },
        "106_1_BAN_START_185_209_12_00054"    : {
            "x" : 919,
            "y" : 267,
            "w" : 145,
            "h" : 145,
            "x_shift" : 20,
            "y_shift" : 32,
            "width_untrim" : 185,
            "height_untrim" : 209,
            "pivotX"        : 0.5,
            "pivotY"        : 0.5
        },
        "106_1_BAN_START_185_209_12_00055"    : {
            "x" : 919,
            "y" : 267,
            "w" : 145,
            "h" : 145,
            "x_shift" : 20,
            "y_shift" : 32,
            "width_untrim" : 185,
            "height_untrim" : 209,
            "pivotX"        : 0.5,
            "pivotY"        : 0.5
        },
        "106_1_BAN_START_185_209_12_00056"    : {
            "x" : 919,
            "y" : 267,
            "w" : 145,
            "h" : 145,
            "x_shift" : 20,
            "y_shift" : 32,
            "width_untrim" : 185,
            "height_untrim" : 209,
            "pivotX"        : 0.5,
            "pivotY"        : 0.5
        },
        "106_1_BAN_START_185_209_12_00057"    : {
            "x" : 919,
            "y" : 267,
            "w" : 145,
            "h" : 145,
            "x_shift" : 20,
            "y_shift" : 32,
            "width_untrim" : 185,
            "height_untrim" : 209,
            "pivotX"        : 0.5,
            "pivotY"        : 0.5
        },
        "106_1_BAN_START_185_209_12_00058"    : {
            "x" : 919,
            "y" : 267,
            "w" : 145,
            "h" : 145,
            "x_shift" : 20,
            "y_shift" : 32,
            "width_untrim" : 185,
            "height_untrim" : 209,
            "pivotX"        : 0.5,
            "pivotY"        : 0.5
        },
        "106_1_BAN_START_185_209_12_00059"    : {
            "x" : 919,
            "y" : 267,
            "w" : 145,
            "h" : 145,
            "x_shift" : 20,
            "y_shift" : 32,
            "width_untrim" : 185,
            "height_untrim" : 209,
            "pivotX"        : 0.5,
            "pivotY"        : 0.5
        },
        "106_1_BAN_START_185_209_12_00064"    : {
            "x" : 919,
            "y" : 267,
            "w" : 145,
            "h" : 145,
            "x_shift" : 20,
            "y_shift" : 32,
            "width_untrim" : 185,
            "height_untrim" : 209,
            "pivotX"        : 0.5,
            "pivotY"        : 0.5
        },
        "106_1_BAN_START_185_209_12_00065"    : {
            "x" : 919,
            "y" : 267,
            "w" : 145,
            "h" : 145,
            "x_shift" : 20,
            "y_shift" : 32,
            "width_untrim" : 185,
            "height_untrim" : 209,
            "pivotX"        : 0.5,
            "pivotY"        : 0.5
        },
        "106_1_BAN_START_185_209_12_00060"    : {
            "x" : 919,
            "y" : 118,
            "w" : 145,
            "h" : 145,
            "x_shift" : 20,
            "y_shift" : 32,
            "width_untrim" : 185,
            "height_untrim" : 209,
            "pivotX"        : 0.5,
            "pivotY"        : 0.5
        },
        "106_1_BAN_START_185_209_12_00061"    : {
            "x" : 919,
            "y" : 118,
            "w" : 145,
            "h" : 145,
            "x_shift" : 20,
            "y_shift" : 32,
            "width_untrim" : 185,
            "height_untrim" : 209,
            "pivotX"        : 0.5,
            "pivotY"        : 0.5
        },
        "106_1_BAN_START_185_209_12_00062"    : {
            "x" : 919,
            "y" : 118,
            "w" : 145,
            "h" : 145,
            "x_shift" : 20,
            "y_shift" : 32,
            "width_untrim" : 185,
            "height_untrim" : 209,
            "pivotX"        : 0.5,
            "pivotY"        : 0.5
        },
        "106_1_BAN_START_185_209_12_00063"    : {
            "x" : 919,
            "y" : 118,
            "w" : 145,
            "h" : 145,
            "x_shift" : 20,
            "y_shift" : 32,
            "width_untrim" : 185,
            "height_untrim" : 209,
            "pivotX"        : 0.5,
            "pivotY"        : 0.5
        },
        "106_1_APP_START_185_209_12_00009"    : {
            "x" : 1062,
            "y" : 714,
            "w" : 145,
            "h" : 145,
            "x_shift" : 20,
            "y_shift" : 32,
            "width_untrim" : 185,
            "height_untrim" : 209,
            "pivotX"        : 0.5,
            "pivotY"        : 0.5
        },
        "106_1_APP_START_185_209_12_00010"    : {
            "x" : 1207,
            "y" : 863,
            "w" : 145,
            "h" : 145,
            "x_shift" : 20,
            "y_shift" : 32,
            "width_untrim" : 185,
            "height_untrim" : 209,
            "pivotX"        : 0.5,
            "pivotY"        : 0.5
        },
        "106_1_APP_START_185_209_12_00011"    : {
            "x" : 1241,
            "y" : 1012,
            "w" : 145,
            "h" : 145,
            "x_shift" : 20,
            "y_shift" : 32,
            "width_untrim" : 185,
            "height_untrim" : 209,
            "pivotX"        : 0.5,
            "pivotY"        : 0.5
        },
        "106_1_APP_START_185_209_12_00012"    : {
            "x" : 1248,
            "y" : 1310,
            "w" : 145,
            "h" : 145,
            "x_shift" : 20,
            "y_shift" : 32,
            "width_untrim" : 185,
            "height_untrim" : 209,
            "pivotX"        : 0.5,
            "pivotY"        : 0.5
        },
        "106_1_APP_START_185_209_12_00013"    : {
            "x" : 1249,
            "y" : 1459,
            "w" : 145,
            "h" : 145,
            "x_shift" : 20,
            "y_shift" : 32,
            "width_untrim" : 185,
            "height_untrim" : 209,
            "pivotX"        : 0.5,
            "pivotY"        : 0.5
        },
        "106_1_APP_START_185_209_12_00014"    : {
            "x" : 1248,
            "y" : 1161,
            "w" : 145,
            "h" : 145,
            "x_shift" : 20,
            "y_shift" : 32,
            "width_untrim" : 185,
            "height_untrim" : 209,
            "pivotX"        : 0.5,
            "pivotY"        : 0.5
        },
        "106_1_APP_START_185_209_12_00015"    : {
            "x" : 1062,
            "y" : 565,
            "w" : 145,
            "h" : 145,
            "x_shift" : 20,
            "y_shift" : 32,
            "width_untrim" : 185,
            "height_untrim" : 209,
            "pivotX"        : 0.5,
            "pivotY"        : 0.5
        },
        "106_1_APP_START_185_209_12_00016"    : {
            "x" : 1062,
            "y" : 416,
            "w" : 145,
            "h" : 145,
            "x_shift" : 20,
            "y_shift" : 32,
            "width_untrim" : 185,
            "height_untrim" : 209,
            "pivotX"        : 0.5,
            "pivotY"        : 0.5
        },
        "106_1_APP_START_185_209_12_00017"    : {
            "x" : 1398,
            "y" : 1459,
            "w" : 145,
            "h" : 145,
            "x_shift" : 20,
            "y_shift" : 32,
            "width_untrim" : 185,
            "height_untrim" : 209,
            "pivotX"        : 0.5,
            "pivotY"        : 0.5
        },
        "106_1_APP_START_185_209_12_00018"    : {
            "x" : 1547,
            "y" : 1459,
            "w" : 145,
            "h" : 145,
            "x_shift" : 20,
            "y_shift" : 32,
            "width_untrim" : 185,
            "height_untrim" : 209,
            "pivotX"        : 0.5,
            "pivotY"        : 0.5
        },
        "106_1_APP_START_185_209_12_00019"    : {
            "x" : 1397,
            "y" : 1310,
            "w" : 145,
            "h" : 145,
            "x_shift" : 20,
            "y_shift" : 32,
            "width_untrim" : 185,
            "height_untrim" : 209,
            "pivotX"        : 0.5,
            "pivotY"        : 0.5
        },
        "106_1_APP_START_185_209_12_00020"    : {
            "x" : 1546,
            "y" : 1310,
            "w" : 145,
            "h" : 145,
            "x_shift" : 20,
            "y_shift" : 32,
            "width_untrim" : 185,
            "height_untrim" : 209,
            "pivotX"        : 0.5,
            "pivotY"        : 0.5
        },
        "106_1_APP_START_185_209_12_00021"    : {
            "x" : 1397,
            "y" : 1161,
            "w" : 145,
            "h" : 145,
            "x_shift" : 20,
            "y_shift" : 32,
            "width_untrim" : 185,
            "height_untrim" : 209,
            "pivotX"        : 0.5,
            "pivotY"        : 0.5
        },
        "106_1_APP_START_185_209_12_00022"    : {
            "x" : 1546,
            "y" : 1161,
            "w" : 145,
            "h" : 145,
            "x_shift" : 20,
            "y_shift" : 32,
            "width_untrim" : 185,
            "height_untrim" : 209,
            "pivotX"        : 0.5,
            "pivotY"        : 0.5
        },
        "106_1_APP_START_185_209_12_00023"    : {
            "x" : 1390,
            "y" : 1012,
            "w" : 145,
            "h" : 145,
            "x_shift" : 20,
            "y_shift" : 32,
            "width_untrim" : 185,
            "height_untrim" : 209,
            "pivotX"        : 0.5,
            "pivotY"        : 0.5
        },
        "106_1_APP_START_185_209_12_00024"    : {
            "x" : 1539,
            "y" : 1012,
            "w" : 145,
            "h" : 145,
            "x_shift" : 20,
            "y_shift" : 32,
            "width_untrim" : 185,
            "height_untrim" : 209,
            "pivotX"        : 0.5,
            "pivotY"        : 0.5
        },
        "106_1_APP_START_185_209_12_00025"    : {
            "x" : 1068,
            "y" : 267,
            "w" : 145,
            "h" : 145,
            "x_shift" : 20,
            "y_shift" : 32,
            "width_untrim" : 185,
            "height_untrim" : 209,
            "pivotX"        : 0.5,
            "pivotY"        : 0.5
        },
        "106_1_APP_START_185_209_12_00026"    : {
            "x" : 1068,
            "y" : 118,
            "w" : 145,
            "h" : 145,
            "x_shift" : 20,
            "y_shift" : 32,
            "width_untrim" : 185,
            "height_untrim" : 209,
            "pivotX"        : 0.5,
            "pivotY"        : 0.5
        },
        "106_1_APP_START_185_209_12_00027"    : {
            "x" : 1356,
            "y" : 863,
            "w" : 145,
            "h" : 145,
            "x_shift" : 20,
            "y_shift" : 32,
            "width_untrim" : 185,
            "height_untrim" : 209,
            "pivotX"        : 0.5,
            "pivotY"        : 0.5
        },
        "106_1_APP_START_185_209_12_00028"    : {
            "x" : 1505,
            "y" : 863,
            "w" : 145,
            "h" : 145,
            "x_shift" : 20,
            "y_shift" : 32,
            "width_untrim" : 185,
            "height_untrim" : 209,
            "pivotX"        : 0.5,
            "pivotY"        : 0.5
        },
        "106_1_APP_START_185_209_12_00029"    : {
            "x" : 1211,
            "y" : 714,
            "w" : 145,
            "h" : 145,
            "x_shift" : 20,
            "y_shift" : 32,
            "width_untrim" : 185,
            "height_untrim" : 209,
            "pivotX"        : 0.5,
            "pivotY"        : 0.5
        },
        "106_1_APP_START_185_209_12_00030"    : {
            "x" : 1211,
            "y" : 565,
            "w" : 145,
            "h" : 145,
            "x_shift" : 20,
            "y_shift" : 32,
            "width_untrim" : 185,
            "height_untrim" : 209,
            "pivotX"        : 0.5,
            "pivotY"        : 0.5
        },
        "106_1_APP_START_185_209_12_00031"    : {
            "x" : 1211,
            "y" : 416,
            "w" : 145,
            "h" : 145,
            "x_shift" : 20,
            "y_shift" : 32,
            "width_untrim" : 185,
            "height_untrim" : 209,
            "pivotX"        : 0.5,
            "pivotY"        : 0.5
        },
        "106_1_APP_START_185_209_12_00032"    : {
            "x" : 1217,
            "y" : 267,
            "w" : 145,
            "h" : 145,
            "x_shift" : 20,
            "y_shift" : 32,
            "width_untrim" : 185,
            "height_untrim" : 209,
            "pivotX"        : 0.5,
            "pivotY"        : 0.5
        },
        "106_1_APP_START_185_209_12_00033"    : {
            "x" : 1217,
            "y" : 118,
            "w" : 145,
            "h" : 145,
            "x_shift" : 20,
            "y_shift" : 32,
            "width_untrim" : 185,
            "height_untrim" : 209,
            "pivotX"        : 0.5,
            "pivotY"        : 0.5
        },
        "106_1_APP_START_185_209_12_00034"    : {
            "x" : 1366,
            "y" : 714,
            "w" : 145,
            "h" : 145,
            "x_shift" : 20,
            "y_shift" : 32,
            "width_untrim" : 185,
            "height_untrim" : 209,
            "pivotX"        : 0.5,
            "pivotY"        : 0.5
        },
        "106_1_APP_START_185_209_12_00035"    : {
            "x" : 1515,
            "y" : 714,
            "w" : 145,
            "h" : 145,
            "x_shift" : 20,
            "y_shift" : 32,
            "width_untrim" : 185,
            "height_untrim" : 209,
            "pivotX"        : 0.5,
            "pivotY"        : 0.5
        },
        "106_1_APP_START_185_209_12_00036"    : {
            "x" : 1515,
            "y" : 714,
            "w" : 145,
            "h" : 145,
            "x_shift" : 20,
            "y_shift" : 32,
            "width_untrim" : 185,
            "height_untrim" : 209,
            "pivotX"        : 0.5,
            "pivotY"        : 0.5
        },
        "106_1_APP_START_185_209_12_00037"    : {
            "x" : 1515,
            "y" : 714,
            "w" : 145,
            "h" : 145,
            "x_shift" : 20,
            "y_shift" : 32,
            "width_untrim" : 185,
            "height_untrim" : 209,
            "pivotX"        : 0.5,
            "pivotY"        : 0.5
        },
        "106_1_APP_START_185_209_12_00038"    : {
            "x" : 1515,
            "y" : 714,
            "w" : 145,
            "h" : 145,
            "x_shift" : 20,
            "y_shift" : 32,
            "width_untrim" : 185,
            "height_untrim" : 209,
            "pivotX"        : 0.5,
            "pivotY"        : 0.5
        },
        "106_1_APP_START_185_209_12_00039"    : {
            "x" : 1515,
            "y" : 714,
            "w" : 145,
            "h" : 145,
            "x_shift" : 20,
            "y_shift" : 32,
            "width_untrim" : 185,
            "height_untrim" : 209,
            "pivotX"        : 0.5,
            "pivotY"        : 0.5
        },
        "106_1_APP_START_185_209_12_00040"    : {
            "x" : 1515,
            "y" : 714,
            "w" : 145,
            "h" : 145,
            "x_shift" : 20,
            "y_shift" : 32,
            "width_untrim" : 185,
            "height_untrim" : 209,
            "pivotX"        : 0.5,
            "pivotY"        : 0.5
        },
        "106_1_APP_START_185_209_12_00041"    : {
            "x" : 1515,
            "y" : 714,
            "w" : 145,
            "h" : 145,
            "x_shift" : 20,
            "y_shift" : 32,
            "width_untrim" : 185,
            "height_untrim" : 209,
            "pivotX"        : 0.5,
            "pivotY"        : 0.5
        },
        "106_1_APP_START_185_209_12_00042"    : {
            "x" : 1515,
            "y" : 714,
            "w" : 145,
            "h" : 145,
            "x_shift" : 20,
            "y_shift" : 32,
            "width_untrim" : 185,
            "height_untrim" : 209,
            "pivotX"        : 0.5,
            "pivotY"        : 0.5
        },
        "106_1_APP_START_185_209_12_00043"    : {
            "x" : 1515,
            "y" : 714,
            "w" : 145,
            "h" : 145,
            "x_shift" : 20,
            "y_shift" : 32,
            "width_untrim" : 185,
            "height_untrim" : 209,
            "pivotX"        : 0.5,
            "pivotY"        : 0.5
        },
        "106_1_APP_START_185_209_12_00044"    : {
            "x" : 1515,
            "y" : 714,
            "w" : 145,
            "h" : 145,
            "x_shift" : 20,
            "y_shift" : 32,
            "width_untrim" : 185,
            "height_untrim" : 209,
            "pivotX"        : 0.5,
            "pivotY"        : 0.5
        },
        "106_1_APP_START_185_209_12_00045"    : {
            "x" : 1515,
            "y" : 714,
            "w" : 145,
            "h" : 145,
            "x_shift" : 20,
            "y_shift" : 32,
            "width_untrim" : 185,
            "height_untrim" : 209,
            "pivotX"        : 0.5,
            "pivotY"        : 0.5
        },
        "106_1_APP_START_185_209_12_00046"    : {
            "x" : 1515,
            "y" : 714,
            "w" : 145,
            "h" : 145,
            "x_shift" : 20,
            "y_shift" : 32,
            "width_untrim" : 185,
            "height_untrim" : 209,
            "pivotX"        : 0.5,
            "pivotY"        : 0.5
        },
        "106_1_APP_START_185_209_12_00047"    : {
            "x" : 1515,
            "y" : 714,
            "w" : 145,
            "h" : 145,
            "x_shift" : 20,
            "y_shift" : 32,
            "width_untrim" : 185,
            "height_untrim" : 209,
            "pivotX"        : 0.5,
            "pivotY"        : 0.5
        },
        "106_1_APP_START_185_209_12_00048"    : {
            "x" : 1515,
            "y" : 714,
            "w" : 145,
            "h" : 145,
            "x_shift" : 20,
            "y_shift" : 32,
            "width_untrim" : 185,
            "height_untrim" : 209,
            "pivotX"        : 0.5,
            "pivotY"        : 0.5
        },
        "106_1_APP_START_185_209_12_00049"    : {
            "x" : 1515,
            "y" : 714,
            "w" : 145,
            "h" : 145,
            "x_shift" : 20,
            "y_shift" : 32,
            "width_untrim" : 185,
            "height_untrim" : 209,
            "pivotX"        : 0.5,
            "pivotY"        : 0.5
        },
        "106_1_APP_START_185_209_12_00050"    : {
            "x" : 1515,
            "y" : 714,
            "w" : 145,
            "h" : 145,
            "x_shift" : 20,
            "y_shift" : 32,
            "width_untrim" : 185,
            "height_untrim" : 209,
            "pivotX"        : 0.5,
            "pivotY"        : 0.5
        },
        "106_1_APP_START_185_209_12_00051"    : {
            "x" : 1515,
            "y" : 714,
            "w" : 145,
            "h" : 145,
            "x_shift" : 20,
            "y_shift" : 32,
            "width_untrim" : 185,
            "height_untrim" : 209,
            "pivotX"        : 0.5,
            "pivotY"        : 0.5
        },
        "106_1_APP_START_185_209_12_00052"    : {
            "x" : 1515,
            "y" : 714,
            "w" : 145,
            "h" : 145,
            "x_shift" : 20,
            "y_shift" : 32,
            "width_untrim" : 185,
            "height_untrim" : 209,
            "pivotX"        : 0.5,
            "pivotY"        : 0.5
        },
        "106_1_APP_START_185_209_12_00053"    : {
            "x" : 1515,
            "y" : 714,
            "w" : 145,
            "h" : 145,
            "x_shift" : 20,
            "y_shift" : 32,
            "width_untrim" : 185,
            "height_untrim" : 209,
            "pivotX"        : 0.5,
            "pivotY"        : 0.5
        },
        "106_1_APP_START_185_209_12_00054"    : {
            "x" : 1515,
            "y" : 714,
            "w" : 145,
            "h" : 145,
            "x_shift" : 20,
            "y_shift" : 32,
            "width_untrim" : 185,
            "height_untrim" : 209,
            "pivotX"        : 0.5,
            "pivotY"        : 0.5
        },
        "106_1_APP_START_185_209_12_00055"    : {
            "x" : 1515,
            "y" : 714,
            "w" : 145,
            "h" : 145,
            "x_shift" : 20,
            "y_shift" : 32,
            "width_untrim" : 185,
            "height_untrim" : 209,
            "pivotX"        : 0.5,
            "pivotY"        : 0.5
        },
        "106_1_APP_START_185_209_12_00056"    : {
            "x" : 1515,
            "y" : 714,
            "w" : 145,
            "h" : 145,
            "x_shift" : 20,
            "y_shift" : 32,
            "width_untrim" : 185,
            "height_untrim" : 209,
            "pivotX"        : 0.5,
            "pivotY"        : 0.5
        },
        "106_1_APP_START_185_209_12_00057"    : {
            "x" : 1515,
            "y" : 714,
            "w" : 145,
            "h" : 145,
            "x_shift" : 20,
            "y_shift" : 32,
            "width_untrim" : 185,
            "height_untrim" : 209,
            "pivotX"        : 0.5,
            "pivotY"        : 0.5
        },
        "106_1_APP_START_185_209_12_00058"    : {
            "x" : 1515,
            "y" : 714,
            "w" : 145,
            "h" : 145,
            "x_shift" : 20,
            "y_shift" : 32,
            "width_untrim" : 185,
            "height_untrim" : 209,
            "pivotX"        : 0.5,
            "pivotY"        : 0.5
        },
        "106_1_APP_START_185_209_12_00059"    : {
            "x" : 1515,
            "y" : 714,
            "w" : 145,
            "h" : 145,
            "x_shift" : 20,
            "y_shift" : 32,
            "width_untrim" : 185,
            "height_untrim" : 209,
            "pivotX"        : 0.5,
            "pivotY"        : 0.5
        },
        "106_1_APP_START_185_209_12_00064"    : {
            "x" : 1515,
            "y" : 714,
            "w" : 145,
            "h" : 145,
            "x_shift" : 20,
            "y_shift" : 32,
            "width_untrim" : 185,
            "height_untrim" : 209,
            "pivotX"        : 0.5,
            "pivotY"        : 0.5
        },
        "106_1_APP_START_185_209_12_00065"    : {
            "x" : 1515,
            "y" : 714,
            "w" : 145,
            "h" : 145,
            "x_shift" : 20,
            "y_shift" : 32,
            "width_untrim" : 185,
            "height_untrim" : 209,
            "pivotX"        : 0.5,
            "pivotY"        : 0.5
        },
        "106_1_APP_START_185_209_12_00060"    : {
            "x" : 1360,
            "y" : 565,
            "w" : 145,
            "h" : 145,
            "x_shift" : 20,
            "y_shift" : 32,
            "width_untrim" : 185,
            "height_untrim" : 209,
            "pivotX"        : 0.5,
            "pivotY"        : 0.5
        },
        "106_1_APP_START_185_209_12_00061"    : {
            "x" : 1360,
            "y" : 565,
            "w" : 145,
            "h" : 145,
            "x_shift" : 20,
            "y_shift" : 32,
            "width_untrim" : 185,
            "height_untrim" : 209,
            "pivotX"        : 0.5,
            "pivotY"        : 0.5
        },
        "106_1_APP_START_185_209_12_00062"    : {
            "x" : 1360,
            "y" : 565,
            "w" : 145,
            "h" : 145,
            "x_shift" : 20,
            "y_shift" : 32,
            "width_untrim" : 185,
            "height_untrim" : 209,
            "pivotX"        : 0.5,
            "pivotY"        : 0.5
        },
        "106_1_APP_START_185_209_12_00063"    : {
            "x" : 1360,
            "y" : 565,
            "w" : 145,
            "h" : 145,
            "x_shift" : 20,
            "y_shift" : 32,
            "width_untrim" : 185,
            "height_untrim" : 209,
            "pivotX"        : 0.5,
            "pivotY"        : 0.5
        }
    }
}