
{
    "version" : "1.0-7",
    "entries" : {
        "106_TITLE_BG_640_480" : {
            "x" : 2,
            "y" : 1482,
            "w" : 640,
            "h" : 480,
            "x_shift" : 0,
            "y_shift" : 0,
            "width_untrim" : 640,
            "height_untrim" : 480,
            "pivotX"        : 0.5,
            "pivotY"        : 0.5
        },
        "106_title_moose_290_335_12_00013" : {
            "x" : 646,
            "y" : 1640,
            "w" : 257,
            "h" : 322,
            "x_shift" : 27,
            "y_shift" : 4,
            "width_untrim" : 290,
            "height_untrim" : 335,
            "pivotX"        : 0.5,
            "pivotY"        : 0.5
        },
        "106_title_moose_290_335_12_00008" : {
            "x" : 907,
            "y" : 1634,
            "w" : 256,
            "h" : 328,
            "x_shift" : 21,
            "y_shift" : 4,
            "width_untrim" : 290,
            "height_untrim" : 335,
            "pivotX"        : 0.5,
            "pivotY"        : 0.5
        },
        "106_title_moose_290_335_12_00009" : {
            "x" : 646,
            "y" : 1311,
            "w" : 256,
            "h" : 325,
            "x_shift" : 21,
            "y_shift" : 4,
            "width_untrim" : 290,
            "height_untrim" : 335,
            "pivotX"        : 0.5,
            "pivotY"        : 0.5
        },
        "106_title_moose_290_335_12_00000" : {
            "x" : 2,
            "y" : 1154,
            "w" : 256,
            "h" : 324,
            "x_shift" : 21,
            "y_shift" : 4,
            "width_untrim" : 290,
            "height_untrim" : 335,
            "pivotX"        : 0.5,
            "pivotY"        : 0.5
        },
        "106_title_moose_290_335_12_00001" : {
            "x" : 2,
            "y" : 1154,
            "w" : 256,
            "h" : 324,
            "x_shift" : 21,
            "y_shift" : 4,
            "width_untrim" : 290,
            "height_untrim" : 335,
            "pivotX"        : 0.5,
            "pivotY"        : 0.5
        },
        "106_title_moose_290_335_12_00002" : {
            "x" : 262,
            "y" : 1154,
            "w" : 256,
            "h" : 324,
            "x_shift" : 21,
            "y_shift" : 4,
            "width_untrim" : 290,
            "height_untrim" : 335,
            "pivotX"        : 0.5,
            "pivotY"        : 0.5
        },
        "106_title_moose_290_335_12_00003" : {
            "x" : 262,
            "y" : 1154,
            "w" : 256,
            "h" : 324,
            "x_shift" : 21,
            "y_shift" : 4,
            "width_untrim" : 290,
            "height_untrim" : 335,
            "pivotX"        : 0.5,
            "pivotY"        : 0.5
        },
        "106_title_moose_idle_eyes_94_64_12_00005" : {
            "x" : 522,
            "y" : 1418,
            "w" : 90,
            "h" : 60,
            "x_shift" : 3,
            "y_shift" : 2,
            "width_untrim" : 94,
            "height_untrim" : 64,
            "pivotX"        : 0.5,
            "pivotY"        : 0.5
        },
        "106_title_moose_idle_eyes_94_64_12_00029" : {
            "x" : 522,
            "y" : 1418,
            "w" : 90,
            "h" : 60,
            "x_shift" : 3,
            "y_shift" : 2,
            "width_untrim" : 94,
            "height_untrim" : 64,
            "pivotX"        : 0.5,
            "pivotY"        : 0.5
        },
        "106_title_moose_idle_eyes_94_64_12_00004" : {
            "x" : 522,
            "y" : 1360,
            "w" : 89,
            "h" : 54,
            "x_shift" : 4,
            "y_shift" : 8,
            "width_untrim" : 94,
            "height_untrim" : 64,
            "pivotX"        : 0.5,
            "pivotY"        : 0.5
        },
        "106_title_moose_idle_eyes_94_64_12_00028" : {
            "x" : 522,
            "y" : 1360,
            "w" : 89,
            "h" : 54,
            "x_shift" : 4,
            "y_shift" : 8,
            "width_untrim" : 94,
            "height_untrim" : 64,
            "pivotX"        : 0.5,
            "pivotY"        : 0.5
        },
        "106_title_moose_idle_eyes_94_64_12_00006" : {
            "x" : 522,
            "y" : 1302,
            "w" : 88,
            "h" : 54,
            "x_shift" : 4,
            "y_shift" : 8,
            "width_untrim" : 94,
            "height_untrim" : 64,
            "pivotX"        : 0.5,
            "pivotY"        : 0.5
        },
        "106_title_moose_290_335_12_00004"         : {
            "x" : 1167,
            "y" : 1638,
            "w" : 256,
            "h" : 324,
            "x_shift" : 21,
            "y_shift" : 4,
            "width_untrim" : 290,
            "height_untrim" : 335,
            "pivotX"        : 0.5,
            "pivotY"        : 0.5
        },
        "106_title_moose_290_335_12_00005"         : {
            "x" : 1427,
            "y" : 1638,
            "w" : 256,
            "h" : 324,
            "x_shift" : 21,
            "y_shift" : 4,
            "width_untrim" : 290,
            "height_untrim" : 335,
            "pivotX"        : 0.5,
            "pivotY"        : 0.5
        },
        "106_title_moose_290_335_12_00010"         : {
            "x" : 1687,
            "y" : 1638,
            "w" : 256,
            "h" : 324,
            "x_shift" : 21,
            "y_shift" : 4,
            "width_untrim" : 290,
            "height_untrim" : 335,
            "pivotX"        : 0.5,
            "pivotY"        : 0.5
        },
        "106_title_moose_290_335_12_00011"         : {
            "x" : 1167,
            "y" : 1310,
            "w" : 256,
            "h" : 324,
            "x_shift" : 21,
            "y_shift" : 4,
            "width_untrim" : 290,
            "height_untrim" : 335,
            "pivotX"        : 0.5,
            "pivotY"        : 0.5
        },
        "106_title_moose_290_335_12_00014"         : {
            "x" : 906,
            "y" : 1306,
            "w" : 256,
            "h" : 324,
            "x_shift" : 31,
            "y_shift" : 4,
            "width_untrim" : 290,
            "height_untrim" : 335,
            "pivotX"        : 0.5,
            "pivotY"        : 0.5
        },
        "106_title_moose_290_335_12_00016"         : {
            "x" : 906,
            "y" : 1306,
            "w" : 256,
            "h" : 324,
            "x_shift" : 31,
            "y_shift" : 4,
            "width_untrim" : 290,
            "height_untrim" : 335,
            "pivotX"        : 0.5,
            "pivotY"        : 0.5
        },
        "106_title_moose_290_335_12_00017"         : {
            "x" : 614,
            "y" : 986,
            "w" : 256,
            "h" : 321,
            "x_shift" : 24,
            "y_shift" : 4,
            "width_untrim" : 290,
            "height_untrim" : 335,
            "pivotX"        : 0.5,
            "pivotY"        : 0.5
        },
        "106_title_moose_idle_eyes_94_64_12_00000" : {
            "x" : 522,
            "y" : 1244,
            "w" : 87,
            "h" : 54,
            "x_shift" : 5,
            "y_shift" : 8,
            "width_untrim" : 94,
            "height_untrim" : 64,
            "pivotX"        : 0.5,
            "pivotY"        : 0.5
        },
        "106_title_moose_idle_eyes_94_64_12_00001" : {
            "x" : 522,
            "y" : 1244,
            "w" : 87,
            "h" : 54,
            "x_shift" : 5,
            "y_shift" : 8,
            "width_untrim" : 94,
            "height_untrim" : 64,
            "pivotX"        : 0.5,
            "pivotY"        : 0.5
        },
        "106_title_moose_idle_eyes_94_64_12_00002" : {
            "x" : 522,
            "y" : 1244,
            "w" : 87,
            "h" : 54,
            "x_shift" : 5,
            "y_shift" : 8,
            "width_untrim" : 94,
            "height_untrim" : 64,
            "pivotX"        : 0.5,
            "pivotY"        : 0.5
        },
        "106_title_moose_idle_eyes_94_64_12_00003" : {
            "x" : 522,
            "y" : 1244,
            "w" : 87,
            "h" : 54,
            "x_shift" : 5,
            "y_shift" : 8,
            "width_untrim" : 94,
            "height_untrim" : 64,
            "pivotX"        : 0.5,
            "pivotY"        : 0.5
        },
        "106_title_moose_idle_eyes_94_64_12_00007" : {
            "x" : 522,
            "y" : 1244,
            "w" : 87,
            "h" : 54,
            "x_shift" : 5,
            "y_shift" : 8,
            "width_untrim" : 94,
            "height_untrim" : 64,
            "pivotX"        : 0.5,
            "pivotY"        : 0.5
        },
        "106_title_moose_idle_eyes_94_64_12_00008" : {
            "x" : 522,
            "y" : 1244,
            "w" : 87,
            "h" : 54,
            "x_shift" : 5,
            "y_shift" : 8,
            "width_untrim" : 94,
            "height_untrim" : 64,
            "pivotX"        : 0.5,
            "pivotY"        : 0.5
        },
        "106_title_moose_idle_eyes_94_64_12_00009" : {
            "x" : 522,
            "y" : 1244,
            "w" : 87,
            "h" : 54,
            "x_shift" : 5,
            "y_shift" : 8,
            "width_untrim" : 94,
            "height_untrim" : 64,
            "pivotX"        : 0.5,
            "pivotY"        : 0.5
        },
        "106_title_moose_idle_eyes_94_64_12_00010" : {
            "x" : 522,
            "y" : 1244,
            "w" : 87,
            "h" : 54,
            "x_shift" : 5,
            "y_shift" : 8,
            "width_untrim" : 94,
            "height_untrim" : 64,
            "pivotX"        : 0.5,
            "pivotY"        : 0.5
        },
        "106_title_moose_idle_eyes_94_64_12_00011" : {
            "x" : 522,
            "y" : 1244,
            "w" : 87,
            "h" : 54,
            "x_shift" : 5,
            "y_shift" : 8,
            "width_untrim" : 94,
            "height_untrim" : 64,
            "pivotX"        : 0.5,
            "pivotY"        : 0.5
        },
        "106_title_moose_idle_eyes_94_64_12_00012" : {
            "x" : 522,
            "y" : 1244,
            "w" : 87,
            "h" : 54,
            "x_shift" : 5,
            "y_shift" : 8,
            "width_untrim" : 94,
            "height_untrim" : 64,
            "pivotX"        : 0.5,
            "pivotY"        : 0.5
        },
        "106_title_moose_idle_eyes_94_64_12_00013" : {
            "x" : 522,
            "y" : 1244,
            "w" : 87,
            "h" : 54,
            "x_shift" : 5,
            "y_shift" : 8,
            "width_untrim" : 94,
            "height_untrim" : 64,
            "pivotX"        : 0.5,
            "pivotY"        : 0.5
        },
        "106_title_moose_idle_eyes_94_64_12_00014" : {
            "x" : 522,
            "y" : 1244,
            "w" : 87,
            "h" : 54,
            "x_shift" : 5,
            "y_shift" : 8,
            "width_untrim" : 94,
            "height_untrim" : 64,
            "pivotX"        : 0.5,
            "pivotY"        : 0.5
        },
        "106_title_moose_idle_eyes_94_64_12_00015" : {
            "x" : 522,
            "y" : 1244,
            "w" : 87,
            "h" : 54,
            "x_shift" : 5,
            "y_shift" : 8,
            "width_untrim" : 94,
            "height_untrim" : 64,
            "pivotX"        : 0.5,
            "pivotY"        : 0.5
        },
        "106_title_moose_idle_eyes_94_64_12_00016" : {
            "x" : 522,
            "y" : 1244,
            "w" : 87,
            "h" : 54,
            "x_shift" : 5,
            "y_shift" : 8,
            "width_untrim" : 94,
            "height_untrim" : 64,
            "pivotX"        : 0.5,
            "pivotY"        : 0.5
        },
        "106_title_moose_idle_eyes_94_64_12_00017" : {
            "x" : 522,
            "y" : 1244,
            "w" : 87,
            "h" : 54,
            "x_shift" : 5,
            "y_shift" : 8,
            "width_untrim" : 94,
            "height_untrim" : 64,
            "pivotX"        : 0.5,
            "pivotY"        : 0.5
        },
        "106_title_moose_idle_eyes_94_64_12_00018" : {
            "x" : 522,
            "y" : 1244,
            "w" : 87,
            "h" : 54,
            "x_shift" : 5,
            "y_shift" : 8,
            "width_untrim" : 94,
            "height_untrim" : 64,
            "pivotX"        : 0.5,
            "pivotY"        : 0.5
        },
        "106_title_moose_idle_eyes_94_64_12_00019" : {
            "x" : 522,
            "y" : 1244,
            "w" : 87,
            "h" : 54,
            "x_shift" : 5,
            "y_shift" : 8,
            "width_untrim" : 94,
            "height_untrim" : 64,
            "pivotX"        : 0.5,
            "pivotY"        : 0.5
        },
        "106_title_moose_idle_eyes_94_64_12_00020" : {
            "x" : 522,
            "y" : 1244,
            "w" : 87,
            "h" : 54,
            "x_shift" : 5,
            "y_shift" : 8,
            "width_untrim" : 94,
            "height_untrim" : 64,
            "pivotX"        : 0.5,
            "pivotY"        : 0.5
        },
        "106_title_moose_idle_eyes_94_64_12_00021" : {
            "x" : 522,
            "y" : 1244,
            "w" : 87,
            "h" : 54,
            "x_shift" : 5,
            "y_shift" : 8,
            "width_untrim" : 94,
            "height_untrim" : 64,
            "pivotX"        : 0.5,
            "pivotY"        : 0.5
        },
        "106_title_moose_idle_eyes_94_64_12_00022" : {
            "x" : 522,
            "y" : 1244,
            "w" : 87,
            "h" : 54,
            "x_shift" : 5,
            "y_shift" : 8,
            "width_untrim" : 94,
            "height_untrim" : 64,
            "pivotX"        : 0.5,
            "pivotY"        : 0.5
        },
        "106_title_moose_idle_eyes_94_64_12_00023" : {
            "x" : 522,
            "y" : 1244,
            "w" : 87,
            "h" : 54,
            "x_shift" : 5,
            "y_shift" : 8,
            "width_untrim" : 94,
            "height_untrim" : 64,
            "pivotX"        : 0.5,
            "pivotY"        : 0.5
        },
        "106_title_moose_idle_eyes_94_64_12_00024" : {
            "x" : 522,
            "y" : 1244,
            "w" : 87,
            "h" : 54,
            "x_shift" : 5,
            "y_shift" : 8,
            "width_untrim" : 94,
            "height_untrim" : 64,
            "pivotX"        : 0.5,
            "pivotY"        : 0.5
        },
        "106_title_moose_idle_eyes_94_64_12_00025" : {
            "x" : 522,
            "y" : 1244,
            "w" : 87,
            "h" : 54,
            "x_shift" : 5,
            "y_shift" : 8,
            "width_untrim" : 94,
            "height_untrim" : 64,
            "pivotX"        : 0.5,
            "pivotY"        : 0.5
        },
        "106_title_moose_idle_eyes_94_64_12_00026" : {
            "x" : 522,
            "y" : 1244,
            "w" : 87,
            "h" : 54,
            "x_shift" : 5,
            "y_shift" : 8,
            "width_untrim" : 94,
            "height_untrim" : 64,
            "pivotX"        : 0.5,
            "pivotY"        : 0.5
        },
        "106_title_moose_idle_eyes_94_64_12_00027" : {
            "x" : 522,
            "y" : 1244,
            "w" : 87,
            "h" : 54,
            "x_shift" : 5,
            "y_shift" : 8,
            "width_untrim" : 94,
            "height_untrim" : 64,
            "pivotX"        : 0.5,
            "pivotY"        : 0.5
        },
        "106_title_Zee_idle_eyes_Straight_77_69_12_00017" : {
            "x" : 522,
            "y" : 1181,
            "w" : 71,
            "h" : 59,
            "x_shift" : 2,
            "y_shift" : 4,
            "width_untrim" : 77,
            "height_untrim" : 69,
            "pivotX"        : 0.5,
            "pivotY"        : 0.5
        },
        "106_title_apple_74_79"                           : {
            "x" : 522,
            "y" : 1102,
            "w" : 64,
            "h" : 75,
            "x_shift" : 5,
            "y_shift" : 2,
            "width_untrim" : 74,
            "height_untrim" : 79,
            "pivotX"        : 0.5,
            "pivotY"        : 0.5
        },
        "106_title_moose_290_335_12_00012"                : {
            "x" : 2,
            "y" : 831,
            "w" : 256,
            "h" : 319,
            "x_shift" : 21,
            "y_shift" : 4,
            "width_untrim" : 290,
            "height_untrim" : 335,
            "pivotX"        : 0.5,
            "pivotY"        : 0.5
        },
        "106_title_moose_290_335_12_00018"                : {
            "x" : 262,
            "y" : 831,
            "w" : 256,
            "h" : 319,
            "x_shift" : 21,
            "y_shift" : 4,
            "width_untrim" : 290,
            "height_untrim" : 335,
            "pivotX"        : 0.5,
            "pivotY"        : 0.5
        },
        "106_title_Zee_idle_eyes_Straight_77_69_12_00000" : {
            "x" : 522,
            "y" : 1039,
            "w" : 61,
            "h" : 59,
            "x_shift" : 7,
            "y_shift" : 4,
            "width_untrim" : 77,
            "height_untrim" : 69,
            "pivotX"        : 0.5,
            "pivotY"        : 0.5
        },
        "106_title_Zee_idle_eyes_Straight_77_69_12_00001" : {
            "x" : 522,
            "y" : 1039,
            "w" : 61,
            "h" : 59,
            "x_shift" : 7,
            "y_shift" : 4,
            "width_untrim" : 77,
            "height_untrim" : 69,
            "pivotX"        : 0.5,
            "pivotY"        : 0.5
        },
        "106_title_Zee_idle_eyes_Straight_77_69_12_00002" : {
            "x" : 522,
            "y" : 1039,
            "w" : 61,
            "h" : 59,
            "x_shift" : 7,
            "y_shift" : 4,
            "width_untrim" : 77,
            "height_untrim" : 69,
            "pivotX"        : 0.5,
            "pivotY"        : 0.5
        },
        "106_title_Zee_idle_eyes_Straight_77_69_12_00003" : {
            "x" : 522,
            "y" : 1039,
            "w" : 61,
            "h" : 59,
            "x_shift" : 7,
            "y_shift" : 4,
            "width_untrim" : 77,
            "height_untrim" : 69,
            "pivotX"        : 0.5,
            "pivotY"        : 0.5
        },
        "106_title_Zee_idle_eyes_Straight_77_69_12_00004" : {
            "x" : 522,
            "y" : 1039,
            "w" : 61,
            "h" : 59,
            "x_shift" : 7,
            "y_shift" : 4,
            "width_untrim" : 77,
            "height_untrim" : 69,
            "pivotX"        : 0.5,
            "pivotY"        : 0.5
        },
        "106_title_Zee_idle_eyes_Straight_77_69_12_00005" : {
            "x" : 522,
            "y" : 1039,
            "w" : 61,
            "h" : 59,
            "x_shift" : 7,
            "y_shift" : 4,
            "width_untrim" : 77,
            "height_untrim" : 69,
            "pivotX"        : 0.5,
            "pivotY"        : 0.5
        },
        "106_title_Zee_idle_eyes_Straight_77_69_12_00006" : {
            "x" : 522,
            "y" : 1039,
            "w" : 61,
            "h" : 59,
            "x_shift" : 7,
            "y_shift" : 4,
            "width_untrim" : 77,
            "height_untrim" : 69,
            "pivotX"        : 0.5,
            "pivotY"        : 0.5
        },
        "106_title_Zee_idle_eyes_Straight_77_69_12_00007" : {
            "x" : 522,
            "y" : 1039,
            "w" : 61,
            "h" : 59,
            "x_shift" : 7,
            "y_shift" : 4,
            "width_untrim" : 77,
            "height_untrim" : 69,
            "pivotX"        : 0.5,
            "pivotY"        : 0.5
        },
        "106_title_Zee_idle_eyes_Straight_77_69_12_00008" : {
            "x" : 522,
            "y" : 1039,
            "w" : 61,
            "h" : 59,
            "x_shift" : 7,
            "y_shift" : 4,
            "width_untrim" : 77,
            "height_untrim" : 69,
            "pivotX"        : 0.5,
            "pivotY"        : 0.5
        },
        "106_title_Zee_idle_eyes_Straight_77_69_12_00009" : {
            "x" : 522,
            "y" : 1039,
            "w" : 61,
            "h" : 59,
            "x_shift" : 7,
            "y_shift" : 4,
            "width_untrim" : 77,
            "height_untrim" : 69,
            "pivotX"        : 0.5,
            "pivotY"        : 0.5
        },
        "106_title_Zee_idle_eyes_Straight_77_69_12_00010" : {
            "x" : 522,
            "y" : 1039,
            "w" : 61,
            "h" : 59,
            "x_shift" : 7,
            "y_shift" : 4,
            "width_untrim" : 77,
            "height_untrim" : 69,
            "pivotX"        : 0.5,
            "pivotY"        : 0.5
        },
        "106_title_Zee_idle_eyes_Straight_77_69_12_00011" : {
            "x" : 522,
            "y" : 1039,
            "w" : 61,
            "h" : 59,
            "x_shift" : 7,
            "y_shift" : 4,
            "width_untrim" : 77,
            "height_untrim" : 69,
            "pivotX"        : 0.5,
            "pivotY"        : 0.5
        },
        "106_title_Zee_idle_eyes_Straight_77_69_12_00012" : {
            "x" : 522,
            "y" : 1039,
            "w" : 61,
            "h" : 59,
            "x_shift" : 7,
            "y_shift" : 4,
            "width_untrim" : 77,
            "height_untrim" : 69,
            "pivotX"        : 0.5,
            "pivotY"        : 0.5
        },
        "106_title_Zee_idle_eyes_Straight_77_69_12_00013" : {
            "x" : 522,
            "y" : 1039,
            "w" : 61,
            "h" : 59,
            "x_shift" : 7,
            "y_shift" : 4,
            "width_untrim" : 77,
            "height_untrim" : 69,
            "pivotX"        : 0.5,
            "pivotY"        : 0.5
        },
        "106_title_Zee_idle_eyes_Straight_77_69_12_00014" : {
            "x" : 522,
            "y" : 1039,
            "w" : 61,
            "h" : 59,
            "x_shift" : 7,
            "y_shift" : 4,
            "width_untrim" : 77,
            "height_untrim" : 69,
            "pivotX"        : 0.5,
            "pivotY"        : 0.5
        },
        "106_title_Zee_idle_eyes_Straight_77_69_12_00015" : {
            "x" : 522,
            "y" : 1039,
            "w" : 61,
            "h" : 59,
            "x_shift" : 7,
            "y_shift" : 4,
            "width_untrim" : 77,
            "height_untrim" : 69,
            "pivotX"        : 0.5,
            "pivotY"        : 0.5
        },
        "106_title_Zee_idle_eyes_Straight_77_69_12_00016" : {
            "x" : 522,
            "y" : 1039,
            "w" : 61,
            "h" : 59,
            "x_shift" : 7,
            "y_shift" : 4,
            "width_untrim" : 77,
            "height_untrim" : 69,
            "pivotX"        : 0.5,
            "pivotY"        : 0.5
        },
        "106_title_Zee_idle_eyes_Straight_77_69_12_00019" : {
            "x" : 522,
            "y" : 1039,
            "w" : 61,
            "h" : 59,
            "x_shift" : 7,
            "y_shift" : 4,
            "width_untrim" : 77,
            "height_untrim" : 69,
            "pivotX"        : 0.5,
            "pivotY"        : 0.5
        },
        "106_title_Zee_idle_eyes_Straight_77_69_12_00020" : {
            "x" : 522,
            "y" : 1039,
            "w" : 61,
            "h" : 59,
            "x_shift" : 7,
            "y_shift" : 4,
            "width_untrim" : 77,
            "height_untrim" : 69,
            "pivotX"        : 0.5,
            "pivotY"        : 0.5
        },
        "106_title_Zee_idle_eyes_Straight_77_69_12_00021" : {
            "x" : 522,
            "y" : 1039,
            "w" : 61,
            "h" : 59,
            "x_shift" : 7,
            "y_shift" : 4,
            "width_untrim" : 77,
            "height_untrim" : 69,
            "pivotX"        : 0.5,
            "pivotY"        : 0.5
        },
        "106_title_Zee_idle_eyes_Straight_77_69_12_00022" : {
            "x" : 522,
            "y" : 1039,
            "w" : 61,
            "h" : 59,
            "x_shift" : 7,
            "y_shift" : 4,
            "width_untrim" : 77,
            "height_untrim" : 69,
            "pivotX"        : 0.5,
            "pivotY"        : 0.5
        },
        "106_title_Zee_idle_eyes_Straight_77_69_12_00023" : {
            "x" : 522,
            "y" : 1039,
            "w" : 61,
            "h" : 59,
            "x_shift" : 7,
            "y_shift" : 4,
            "width_untrim" : 77,
            "height_untrim" : 69,
            "pivotX"        : 0.5,
            "pivotY"        : 0.5
        },
        "106_title_Zee_idle_eyes_Straight_77_69_12_00024" : {
            "x" : 522,
            "y" : 1039,
            "w" : 61,
            "h" : 59,
            "x_shift" : 7,
            "y_shift" : 4,
            "width_untrim" : 77,
            "height_untrim" : 69,
            "pivotX"        : 0.5,
            "pivotY"        : 0.5
        },
        "106_title_Zee_idle_eyes_Straight_77_69_12_00018" : {
            "x" : 522,
            "y" : 976,
            "w" : 61,
            "h" : 59,
            "x_shift" : 7,
            "y_shift" : 4,
            "width_untrim" : 77,
            "height_untrim" : 69,
            "pivotX"        : 0.5,
            "pivotY"        : 0.5
        },
        "106_title_moose_290_335_12_00006"                : {
            "x" : 1427,
            "y" : 1316,
            "w" : 256,
            "h" : 318,
            "x_shift" : 21,
            "y_shift" : 4,
            "width_untrim" : 290,
            "height_untrim" : 335,
            "pivotX"        : 0.5,
            "pivotY"        : 0.5
        },
        "106_title_moose_290_335_12_00007"                : {
            "x" : 1687,
            "y" : 1318,
            "w" : 256,
            "h" : 316,
            "x_shift" : 21,
            "y_shift" : 4,
            "width_untrim" : 290,
            "height_untrim" : 335,
            "pivotX"        : 0.5,
            "pivotY"        : 0.5
        },
        "106_title_moose_290_335_12_00023"                : {
            "x" : 1687,
            "y" : 986,
            "w" : 255,
            "h" : 328,
            "x_shift" : 18,
            "y_shift" : 4,
            "width_untrim" : 290,
            "height_untrim" : 335,
            "pivotX"        : 0.5,
            "pivotY"        : 0.5
        },
        "106_title_moose_290_335_12_00024"                : {
            "x" : 1427,
            "y" : 984,
            "w" : 255,
            "h" : 328,
            "x_shift" : 18,
            "y_shift" : 4,
            "width_untrim" : 290,
            "height_untrim" : 335,
            "pivotX"        : 0.5,
            "pivotY"        : 0.5
        },
        "106_title_moose_290_335_12_00022"                : {
            "x" : 1166,
            "y" : 980,
            "w" : 255,
            "h" : 326,
            "x_shift" : 18,
            "y_shift" : 4,
            "width_untrim" : 290,
            "height_untrim" : 335,
            "pivotX"        : 0.5,
            "pivotY"        : 0.5
        },
        "106_title_moose_290_335_12_00025"                : {
            "x" : 1686,
            "y" : 656,
            "w" : 255,
            "h" : 326,
            "x_shift" : 18,
            "y_shift" : 4,
            "width_untrim" : 290,
            "height_untrim" : 335,
            "pivotX"        : 0.5,
            "pivotY"        : 0.5
        },
        "106_title_moose_290_335_12_00015"                : {
            "x" : 1425,
            "y" : 655,
            "w" : 255,
            "h" : 325,
            "x_shift" : 35,
            "y_shift" : 4,
            "width_untrim" : 290,
            "height_untrim" : 335,
            "pivotX"        : 0.5,
            "pivotY"        : 0.5
        },
        "106_title_moose_idle_body_270_333"               : {
            "x" : 1684,
            "y" : 329,
            "w" : 255,
            "h" : 323,
            "x_shift" : 8,
            "y_shift" : 4,
            "width_untrim" : 270,
            "height_untrim" : 333,
            "pivotX"        : 0.5,
            "pivotY"        : 0.5
        },
        "106_title_moose_290_335_12_00021"                : {
            "x" : 2,
            "y" : 2,
            "w" : 255,
            "h" : 323,
            "x_shift" : 18,
            "y_shift" : 4,
            "width_untrim" : 290,
            "height_untrim" : 335,
            "pivotX"        : 0.5,
            "pivotY"        : 0.5
        },
        "106_title_moose_290_335_12_00027"                : {
            "x" : 2,
            "y" : 329,
            "w" : 255,
            "h" : 322,
            "x_shift" : 18,
            "y_shift" : 4,
            "width_untrim" : 290,
            "height_untrim" : 335,
            "pivotX"        : 0.5,
            "pivotY"        : 0.5
        },
        "106_title_moose_290_335_12_00030"                : {
            "x" : 2,
            "y" : 329,
            "w" : 255,
            "h" : 322,
            "x_shift" : 18,
            "y_shift" : 4,
            "width_untrim" : 290,
            "height_untrim" : 335,
            "pivotX"        : 0.5,
            "pivotY"        : 0.5
        },
        "106_title_moose_290_335_12_00031"                : {
            "x" : 2,
            "y" : 329,
            "w" : 255,
            "h" : 322,
            "x_shift" : 18,
            "y_shift" : 4,
            "width_untrim" : 290,
            "height_untrim" : 335,
            "pivotX"        : 0.5,
            "pivotY"        : 0.5
        },
        "106_title_moose_290_335_12_00026"                : {
            "x" : 261,
            "y" : 2,
            "w" : 255,
            "h" : 323,
            "x_shift" : 18,
            "y_shift" : 4,
            "width_untrim" : 290,
            "height_untrim" : 335,
            "pivotX"        : 0.5,
            "pivotY"        : 0.5
        },
        "106_title_moose_290_335_12_00028"                : {
            "x" : 261,
            "y" : 329,
            "w" : 255,
            "h" : 322,
            "x_shift" : 18,
            "y_shift" : 4,
            "width_untrim" : 290,
            "height_untrim" : 335,
            "pivotX"        : 0.5,
            "pivotY"        : 0.5
        },
        "106_title_moose_290_335_12_00032"                : {
            "x" : 261,
            "y" : 329,
            "w" : 255,
            "h" : 322,
            "x_shift" : 18,
            "y_shift" : 4,
            "width_untrim" : 290,
            "height_untrim" : 335,
            "pivotX"        : 0.5,
            "pivotY"        : 0.5
        },
        "106_title_moose_290_335_12_00037"                : {
            "x" : 520,
            "y" : 2,
            "w" : 255,
            "h" : 323,
            "x_shift" : 18,
            "y_shift" : 4,
            "width_untrim" : 290,
            "height_untrim" : 335,
            "pivotX"        : 0.5,
            "pivotY"        : 0.5
        },
        "106_title_moose_290_335_12_00038"                : {
            "x" : 520,
            "y" : 2,
            "w" : 255,
            "h" : 323,
            "x_shift" : 18,
            "y_shift" : 4,
            "width_untrim" : 290,
            "height_untrim" : 335,
            "pivotX"        : 0.5,
            "pivotY"        : 0.5
        },
        "106_title_moose_290_335_12_00039"                : {
            "x" : 520,
            "y" : 2,
            "w" : 255,
            "h" : 323,
            "x_shift" : 18,
            "y_shift" : 4,
            "width_untrim" : 290,
            "height_untrim" : 335,
            "pivotX"        : 0.5,
            "pivotY"        : 0.5
        },
        "106_title_moose_290_335_12_00029"                : {
            "x" : 520,
            "y" : 329,
            "w" : 255,
            "h" : 322,
            "x_shift" : 18,
            "y_shift" : 4,
            "width_untrim" : 290,
            "height_untrim" : 335,
            "pivotX"        : 0.5,
            "pivotY"        : 0.5
        },
        "106_title_moose_290_335_12_00036"                : {
            "x" : 522,
            "y" : 655,
            "w" : 255,
            "h" : 317,
            "x_shift" : 18,
            "y_shift" : 4,
            "width_untrim" : 290,
            "height_untrim" : 335,
            "pivotX"        : 0.5,
            "pivotY"        : 0.5
        },
        "106_title_moose_290_335_12_00019"                : {
            "x" : 779,
            "y" : 7,
            "w" : 255,
            "h" : 318,
            "x_shift" : 18,
            "y_shift" : 4,
            "width_untrim" : 290,
            "height_untrim" : 335,
            "pivotX"        : 0.5,
            "pivotY"        : 0.5
        },
        "106_title_moose_290_335_12_00020"                : {
            "x" : 779,
            "y" : 7,
            "w" : 255,
            "h" : 318,
            "x_shift" : 18,
            "y_shift" : 4,
            "width_untrim" : 290,
            "height_untrim" : 335,
            "pivotX"        : 0.5,
            "pivotY"        : 0.5
        },
        "106_title_moose_290_335_12_00033"                : {
            "x" : 779,
            "y" : 333,
            "w" : 255,
            "h" : 318,
            "x_shift" : 18,
            "y_shift" : 4,
            "width_untrim" : 290,
            "height_untrim" : 335,
            "pivotX"        : 0.5,
            "pivotY"        : 0.5
        },
        "106_title_moose_290_335_12_00034"                : {
            "x" : 781,
            "y" : 662,
            "w" : 255,
            "h" : 314,
            "x_shift" : 18,
            "y_shift" : 4,
            "width_untrim" : 290,
            "height_untrim" : 335,
            "pivotX"        : 0.5,
            "pivotY"        : 0.5
        },
        "106_title_moose_290_335_12_00035"                : {
            "x" : 874,
            "y" : 989,
            "w" : 255,
            "h" : 313,
            "x_shift" : 18,
            "y_shift" : 4,
            "width_untrim" : 290,
            "height_untrim" : 335,
            "pivotX"        : 0.5,
            "pivotY"        : 0.5
        },
        "106_title_zee_idle_body_236_185_00000"           : {
            "x" : 1038,
            "y" : 144,
            "w" : 233,
            "h" : 181,
            "x_shift" : 3,
            "y_shift" : 1,
            "width_untrim" : 236,
            "height_untrim" : 185,
            "pivotX"        : 0.5,
            "pivotY"        : 0.5
        }
    }
}