
{
    "version" : "1.0-7",
    "entries" : {
        "106_GRA_HUD_GROW_67_73_12_0008" : {
            "x" : 2,
            "y" : 289,
            "w" : 41,
            "h" : 60,
            "x_shift" : 13,
            "y_shift" : 6,
            "width_untrim" : 67,
            "height_untrim" : 73,
            "pivotX"        : 0.5,
            "pivotY"        : 0.5
        },
        "106_GRA_HUD_GROW_67_73_12_0007" : {
            "x" : 2,
            "y" : 227,
            "w" : 39,
            "h" : 58,
            "x_shift" : 14,
            "y_shift" : 7,
            "width_untrim" : 67,
            "height_untrim" : 73,
            "pivotX"        : 0.5,
            "pivotY"        : 0.5
        },
        "106_GRA_HUD_GROW_67_73_12_0009" : {
            "x" : 2,
            "y" : 167,
            "w" : 45,
            "h" : 56,
            "x_shift" : 11,
            "y_shift" : 8,
            "width_untrim" : 67,
            "height_untrim" : 73,
            "pivotX"        : 0.5,
            "pivotY"        : 0.5
        },
        "106_GRA_HUD_GROW_67_73_12_0012" : {
            "x" : 45,
            "y" : 229,
            "w" : 45,
            "h" : 56,
            "x_shift" : 11,
            "y_shift" : 9,
            "width_untrim" : 67,
            "height_untrim" : 73,
            "pivotX"        : 0.5,
            "pivotY"        : 0.5
        },
        "106_GRA_HUD_GROW_67_73_12_0013" : {
            "x" : 47,
            "y" : 293,
            "w" : 45,
            "h" : 56,
            "x_shift" : 11,
            "y_shift" : 9,
            "width_untrim" : 67,
            "height_untrim" : 73,
            "pivotX"        : 0.5,
            "pivotY"        : 0.5
        },
        "106_GRA_HUD_GROW_67_73_12_0006" : {
            "x" : 2,
            "y" : 107,
            "w" : 39,
            "h" : 56,
            "x_shift" : 14,
            "y_shift" : 8,
            "width_untrim" : 67,
            "height_untrim" : 73,
            "pivotX"        : 0.5,
            "pivotY"        : 0.5
        },
        "106_GRA_HUD_FILLED_67_73_12_0000" : {
            "x" : 2,
            "y" : 48,
            "w" : 45,
            "h" : 55,
            "x_shift" : 11,
            "y_shift" : 9,
            "width_untrim" : 67,
            "height_untrim" : 73,
            "pivotX"        : 0.5,
            "pivotY"        : 0.5
        },
        "106_GRA_HUD_FILLED_67_73_12_0019" : {
            "x" : 2,
            "y" : 48,
            "w" : 45,
            "h" : 55,
            "x_shift" : 11,
            "y_shift" : 9,
            "width_untrim" : 67,
            "height_untrim" : 73,
            "pivotX"        : 0.5,
            "pivotY"        : 0.5
        },
        "106_GRA_HUD_GROW_67_73_12_0014"   : {
            "x" : 45,
            "y" : 108,
            "w" : 45,
            "h" : 55,
            "x_shift" : 11,
            "y_shift" : 9,
            "width_untrim" : 67,
            "height_untrim" : 73,
            "pivotX"        : 0.5,
            "pivotY"        : 0.5
        },
        "106_GRA_HUD_FILLED_67_73_12_0007" : {
            "x" : 51,
            "y" : 170,
            "w" : 45,
            "h" : 55,
            "x_shift" : 11,
            "y_shift" : 10,
            "width_untrim" : 67,
            "height_untrim" : 73,
            "pivotX"        : 0.5,
            "pivotY"        : 0.5
        },
        "106_GRA_HUD_FILLED_67_73_12_0017" : {
            "x" : 94,
            "y" : 234,
            "w" : 45,
            "h" : 55,
            "x_shift" : 11,
            "y_shift" : 9,
            "width_untrim" : 67,
            "height_untrim" : 73,
            "pivotX"        : 0.5,
            "pivotY"        : 0.5
        },
        "106_CHE_HUD_GROW_67_73_12_0000"   : {
            "x" : 94,
            "y" : 229,
            "w" : 1,
            "h" : 1,
            "x_shift" : 0,
            "y_shift" : 0,
            "width_untrim" : 67,
            "height_untrim" : 73,
            "pivotX"        : 0.5,
            "pivotY"        : 0.5
        },
        "106_BAN_HUD_GROW_67_73_12_0000"   : {
            "x" : 94,
            "y" : 229,
            "w" : 1,
            "h" : 1,
            "x_shift" : 0,
            "y_shift" : 0,
            "width_untrim" : 67,
            "height_untrim" : 73,
            "pivotX"        : 0.5,
            "pivotY"        : 0.5
        },
        "106_BAN_HUD_GROW_67_73_12_0001"   : {
            "x" : 94,
            "y" : 229,
            "w" : 1,
            "h" : 1,
            "x_shift" : 0,
            "y_shift" : 0,
            "width_untrim" : 67,
            "height_untrim" : 73,
            "pivotX"        : 0.5,
            "pivotY"        : 0.5
        },
        "106_APP_HUD_GROW_67_73_12_0000"   : {
            "x" : 94,
            "y" : 229,
            "w" : 1,
            "h" : 1,
            "x_shift" : 0,
            "y_shift" : 0,
            "width_untrim" : 67,
            "height_untrim" : 73,
            "pivotX"        : 0.5,
            "pivotY"        : 0.5
        },
        "106_GRA_HUD_GROW_67_73_12_0000"   : {
            "x" : 94,
            "y" : 229,
            "w" : 1,
            "h" : 1,
            "x_shift" : 0,
            "y_shift" : 0,
            "width_untrim" : 67,
            "height_untrim" : 73,
            "pivotX"        : 0.5,
            "pivotY"        : 0.5
        },
        "106_STA_HUD_GROW_67_73_12_0000"   : {
            "x" : 94,
            "y" : 229,
            "w" : 1,
            "h" : 1,
            "x_shift" : 0,
            "y_shift" : 0,
            "width_untrim" : 67,
            "height_untrim" : 73,
            "pivotX"        : 0.5,
            "pivotY"        : 0.5
        },
        "106_WAT_HUD_GROW_67_73_12_0000"   : {
            "x" : 94,
            "y" : 229,
            "w" : 1,
            "h" : 1,
            "x_shift" : 0,
            "y_shift" : 0,
            "width_untrim" : 67,
            "height_untrim" : 73,
            "pivotX"        : 0.5,
            "pivotY"        : 0.5
        },
        "106_GRA_HUD_FILLED_67_73_12_0018" : {
            "x" : 96,
            "y" : 294,
            "w" : 45,
            "h" : 55,
            "x_shift" : 11,
            "y_shift" : 9,
            "width_untrim" : 67,
            "height_untrim" : 73,
            "pivotX"        : 0.5,
            "pivotY"        : 0.5
        },
        "106_GRA_HUD_GROW_67_73_12_0004"   : {
            "x" : 2,
            "y" : 13,
            "w" : 45,
            "h" : 31,
            "x_shift" : 11,
            "y_shift" : 21,
            "width_untrim" : 67,
            "height_untrim" : 73,
            "pivotX"        : 0.5,
            "pivotY"        : 0.5
        },
        "106_GRA_HUD_EMPTY_67_73_12_0000"  : {
            "x" : 51,
            "y" : 49,
            "w" : 45,
            "h" : 55,
            "x_shift" : 11,
            "y_shift" : 9,
            "width_untrim" : 67,
            "height_untrim" : 73,
            "pivotX"        : 0.5,
            "pivotY"        : 0.5
        },
        "106_GRA_HUD_FILLED_67_73_12_0008" : {
            "x" : 94,
            "y" : 111,
            "w" : 43,
            "h" : 55,
            "x_shift" : 12,
            "y_shift" : 10,
            "width_untrim" : 67,
            "height_untrim" : 73,
            "pivotX"        : 0.5,
            "pivotY"        : 0.5
        },
        "106_GRA_HUD_FILLED_67_73_12_0009" : {
            "x" : 100,
            "y" : 175,
            "w" : 43,
            "h" : 55,
            "x_shift" : 12,
            "y_shift" : 11,
            "width_untrim" : 67,
            "height_untrim" : 73,
            "pivotX"        : 0.5,
            "pivotY"        : 0.5
        },
        "106_GRA_HUD_GROW_67_73_12_0011"   : {
            "x" : 143,
            "y" : 236,
            "w" : 47,
            "h" : 54,
            "x_shift" : 10,
            "y_shift" : 10,
            "width_untrim" : 67,
            "height_untrim" : 73,
            "pivotX"        : 0.5,
            "pivotY"        : 0.5
        },
        "106_GRA_HUD_FILLED_67_73_12_0001" : {
            "x" : 145,
            "y" : 295,
            "w" : 47,
            "h" : 54,
            "x_shift" : 10,
            "y_shift" : 9,
            "width_untrim" : 67,
            "height_untrim" : 73,
            "pivotX"        : 0.5,
            "pivotY"        : 0.5
        },
        "106_GRA_HUD_GROW_67_73_12_0003"   : {
            "x" : 51,
            "y" : 23,
            "w" : 49,
            "h" : 22,
            "x_shift" : 9,
            "y_shift" : 26,
            "width_untrim" : 67,
            "height_untrim" : 73,
            "pivotX"        : 0.5,
            "pivotY"        : 0.5
        },
        "106_GRA_HUD_GROW_67_73_12_0002"   : {
            "x" : 51,
            "y" : 2,
            "w" : 50,
            "h" : 17,
            "x_shift" : 8,
            "y_shift" : 29,
            "width_untrim" : 67,
            "height_untrim" : 73,
            "pivotX"        : 0.5,
            "pivotY"        : 0.5
        },
        "106_GRA_HUD_FILLED_67_73_12_0006" : {
            "x" : 100,
            "y" : 53,
            "w" : 46,
            "h" : 54,
            "x_shift" : 10,
            "y_shift" : 9,
            "width_untrim" : 67,
            "height_untrim" : 73,
            "pivotX"        : 0.5,
            "pivotY"        : 0.5
        },
        "106_GRA_HUD_GROW_67_73_12_0005"   : {
            "x" : 105,
            "y" : 4,
            "w" : 41,
            "h" : 45,
            "x_shift" : 13,
            "y_shift" : 13,
            "width_untrim" : 67,
            "height_untrim" : 73,
            "pivotX"        : 0.5,
            "pivotY"        : 0.5
        },
        "106_GRA_HUD_FILLED_67_73_12_0011" : {
            "x" : 141,
            "y" : 117,
            "w" : 45,
            "h" : 54,
            "x_shift" : 11,
            "y_shift" : 10,
            "width_untrim" : 67,
            "height_untrim" : 73,
            "pivotX"        : 0.5,
            "pivotY"        : 0.5
        },
        "106_GRA_HUD_FILLED_67_73_12_0016" : {
            "x" : 147,
            "y" : 178,
            "w" : 45,
            "h" : 54,
            "x_shift" : 11,
            "y_shift" : 9,
            "width_untrim" : 67,
            "height_untrim" : 73,
            "pivotX"        : 0.5,
            "pivotY"        : 0.5
        },
        "106_GRA_HUD_FILLED_67_73_12_0010" : {
            "x" : 194,
            "y" : 237,
            "w" : 43,
            "h" : 54,
            "x_shift" : 12,
            "y_shift" : 11,
            "width_untrim" : 67,
            "height_untrim" : 73,
            "pivotX"        : 0.5,
            "pivotY"        : 0.5
        },
        "106_GRA_HUD_FILLED_67_73_12_0002" : {
            "x" : 196,
            "y" : 296,
            "w" : 47,
            "h" : 53,
            "x_shift" : 10,
            "y_shift" : 9,
            "width_untrim" : 67,
            "height_untrim" : 73,
            "pivotX"        : 0.5,
            "pivotY"        : 0.5
        },
        "106_GRA_HUD_FILLED_67_73_12_0012" : {
            "x" : 247,
            "y" : 296,
            "w" : 47,
            "h" : 53,
            "x_shift" : 10,
            "y_shift" : 9,
            "width_untrim" : 67,
            "height_untrim" : 73,
            "pivotX"        : 0.5,
            "pivotY"        : 0.5
        },
        "106_GRA_HUD_FILLED_67_73_12_0015" : {
            "x" : 298,
            "y" : 296,
            "w" : 47,
            "h" : 53,
            "x_shift" : 10,
            "y_shift" : 9,
            "width_untrim" : 67,
            "height_untrim" : 73,
            "pivotX"        : 0.5,
            "pivotY"        : 0.5
        },
        "106_GRA_HUD_FILLED_67_73_12_0003" : {
            "x" : 150,
            "y" : 61,
            "w" : 47,
            "h" : 52,
            "x_shift" : 10,
            "y_shift" : 9,
            "width_untrim" : 67,
            "height_untrim" : 73,
            "pivotX"        : 0.5,
            "pivotY"        : 0.5
        },
        "106_GRA_HUD_FILLED_67_73_12_0005" : {
            "x" : 150,
            "y" : 5,
            "w" : 47,
            "h" : 52,
            "x_shift" : 10,
            "y_shift" : 9,
            "width_untrim" : 67,
            "height_untrim" : 73,
            "pivotX"        : 0.5,
            "pivotY"        : 0.5
        },
        "106_GRA_HUD_GROW_67_73_12_0010"   : {
            "x" : 190,
            "y" : 123,
            "w" : 47,
            "h" : 51,
            "x_shift" : 10,
            "y_shift" : 11,
            "width_untrim" : 67,
            "height_untrim" : 73,
            "pivotX"        : 0.5,
            "pivotY"        : 0.5
        },
        "106_GRA_HUD_FILLED_67_73_12_0004" : {
            "x" : 196,
            "y" : 182,
            "w" : 47,
            "h" : 51,
            "x_shift" : 10,
            "y_shift" : 9,
            "width_untrim" : 67,
            "height_untrim" : 73,
            "pivotX"        : 0.5,
            "pivotY"        : 0.5
        },
        "106_GRA_HUD_FILLED_67_73_12_0013" : {
            "x" : 241,
            "y" : 241,
            "w" : 47,
            "h" : 51,
            "x_shift" : 10,
            "y_shift" : 9,
            "width_untrim" : 67,
            "height_untrim" : 73,
            "pivotX"        : 0.5,
            "pivotY"        : 0.5
        },
        "106_GRA_HUD_FILLED_67_73_12_0014" : {
            "x" : 292,
            "y" : 241,
            "w" : 47,
            "h" : 51,
            "x_shift" : 10,
            "y_shift" : 9,
            "width_untrim" : 67,
            "height_untrim" : 73,
            "pivotX"        : 0.5,
            "pivotY"        : 0.5
        },
        "106_GRA_HUD_GROW_67_73_12_0001"   : {
            "x" : 247,
            "y" : 225,
            "w" : 33,
            "h" : 12,
            "x_shift" : 17,
            "y_shift" : 31,
            "width_untrim" : 67,
            "height_untrim" : 73,
            "pivotX"        : 0.5,
            "pivotY"        : 0.5
        }
    }
}