
{
    "version" : "1.0-7",
    "entries" : {
        "106_BAN_HUD_GROW_67_73_12_0005" : {
            "x" : 2,
            "y" : 515,
            "w" : 44,
            "h" : 61,
            "x_shift" : 9,
            "y_shift" : 7,
            "width_untrim" : 67,
            "height_untrim" : 73,
            "pivotX"        : 0.5,
            "pivotY"        : 0.5
        },
        "106_APP_HUD_GROW_67_73_12_0010" : {
            "x" : 2,
            "y" : 452,
            "w" : 46,
            "h" : 59,
            "x_shift" : 12,
            "y_shift" : 8,
            "width_untrim" : 67,
            "height_untrim" : 73,
            "pivotX"        : 0.5,
            "pivotY"        : 0.5
        },
        "106_BAN_HUD_FILLED_67_73_12_0009" : {
            "x" : 50,
            "y" : 519,
            "w" : 49,
            "h" : 57,
            "x_shift" : 9,
            "y_shift" : 11,
            "width_untrim" : 67,
            "height_untrim" : 73,
            "pivotX"        : 0.5,
            "pivotY"        : 0.5
        },
        "106_BAN_HUD_FILLED_67_73_12_0010" : {
            "x" : 2,
            "y" : 391,
            "w" : 49,
            "h" : 57,
            "x_shift" : 9,
            "y_shift" : 11,
            "width_untrim" : 67,
            "height_untrim" : 73,
            "pivotX"        : 0.5,
            "pivotY"        : 0.5
        },
        "106_BAN_HUD_FILLED_67_73_12_0011" : {
            "x" : 52,
            "y" : 458,
            "w" : 49,
            "h" : 57,
            "x_shift" : 9,
            "y_shift" : 10,
            "width_untrim" : 67,
            "height_untrim" : 73,
            "pivotX"        : 0.5,
            "pivotY"        : 0.5
        },
        "106_APP_HUD_GROW_67_73_12_0011"   : {
            "x" : 103,
            "y" : 519,
            "w" : 46,
            "h" : 57,
            "x_shift" : 11,
            "y_shift" : 9,
            "width_untrim" : 67,
            "height_untrim" : 73,
            "pivotX"        : 0.5,
            "pivotY"        : 0.5
        },
        "106_CHE_HUD_GROW_67_73_12_0000"   : {
            "x" : 52,
            "y" : 453,
            "w" : 1,
            "h" : 1,
            "x_shift" : 0,
            "y_shift" : 0,
            "width_untrim" : 67,
            "height_untrim" : 73,
            "pivotX"        : 0.5,
            "pivotY"        : 0.5
        },
        "106_BAN_HUD_GROW_67_73_12_0000"   : {
            "x" : 52,
            "y" : 453,
            "w" : 1,
            "h" : 1,
            "x_shift" : 0,
            "y_shift" : 0,
            "width_untrim" : 67,
            "height_untrim" : 73,
            "pivotX"        : 0.5,
            "pivotY"        : 0.5
        },
        "106_BAN_HUD_GROW_67_73_12_0001"   : {
            "x" : 52,
            "y" : 453,
            "w" : 1,
            "h" : 1,
            "x_shift" : 0,
            "y_shift" : 0,
            "width_untrim" : 67,
            "height_untrim" : 73,
            "pivotX"        : 0.5,
            "pivotY"        : 0.5
        },
        "106_APP_HUD_GROW_67_73_12_0000"   : {
            "x" : 52,
            "y" : 453,
            "w" : 1,
            "h" : 1,
            "x_shift" : 0,
            "y_shift" : 0,
            "width_untrim" : 67,
            "height_untrim" : 73,
            "pivotX"        : 0.5,
            "pivotY"        : 0.5
        },
        "106_GRA_HUD_GROW_67_73_12_0000"   : {
            "x" : 52,
            "y" : 453,
            "w" : 1,
            "h" : 1,
            "x_shift" : 0,
            "y_shift" : 0,
            "width_untrim" : 67,
            "height_untrim" : 73,
            "pivotX"        : 0.5,
            "pivotY"        : 0.5
        },
        "106_STA_HUD_GROW_67_73_12_0000"   : {
            "x" : 52,
            "y" : 453,
            "w" : 1,
            "h" : 1,
            "x_shift" : 0,
            "y_shift" : 0,
            "width_untrim" : 67,
            "height_untrim" : 73,
            "pivotX"        : 0.5,
            "pivotY"        : 0.5
        },
        "106_WAT_HUD_GROW_67_73_12_0000"   : {
            "x" : 52,
            "y" : 453,
            "w" : 1,
            "h" : 1,
            "x_shift" : 0,
            "y_shift" : 0,
            "width_untrim" : 67,
            "height_untrim" : 73,
            "pivotX"        : 0.5,
            "pivotY"        : 0.5
        },
        "106_APP_HUD_FILLED_67_73_12_0011" : {
            "x" : 2,
            "y" : 330,
            "w" : 46,
            "h" : 57,
            "x_shift" : 10,
            "y_shift" : 11,
            "width_untrim" : 67,
            "height_untrim" : 73,
            "pivotX"        : 0.5,
            "pivotY"        : 0.5
        },
        "106_APP_HUD_FILLED_67_73_12_0012" : {
            "x" : 2,
            "y" : 269,
            "w" : 46,
            "h" : 57,
            "x_shift" : 10,
            "y_shift" : 10,
            "width_untrim" : 67,
            "height_untrim" : 73,
            "pivotX"        : 0.5,
            "pivotY"        : 0.5
        },
        "106_BAN_HUD_GROW_67_73_12_0011"   : {
            "x" : 2,
            "y" : 209,
            "w" : 49,
            "h" : 56,
            "x_shift" : 9,
            "y_shift" : 10,
            "width_untrim" : 67,
            "height_untrim" : 73,
            "pivotX"        : 0.5,
            "pivotY"        : 0.5
        },
        "106_BAN_HUD_GROW_67_73_12_0012"   : {
            "x" : 52,
            "y" : 331,
            "w" : 49,
            "h" : 56,
            "x_shift" : 9,
            "y_shift" : 12,
            "width_untrim" : 67,
            "height_untrim" : 73,
            "pivotX"        : 0.5,
            "pivotY"        : 0.5
        },
        "106_APP_HUD_GROW_67_73_12_0009"   : {
            "x" : 55,
            "y" : 393,
            "w" : 46,
            "h" : 56,
            "x_shift" : 10,
            "y_shift" : 9,
            "width_untrim" : 67,
            "height_untrim" : 73,
            "pivotX"        : 0.5,
            "pivotY"        : 0.5
        },
        "106_BAN_HUD_GROW_67_73_12_0004"   : {
            "x" : 52,
            "y" : 271,
            "w" : 31,
            "h" : 56,
            "x_shift" : 13,
            "y_shift" : 5,
            "width_untrim" : 67,
            "height_untrim" : 73,
            "pivotX"        : 0.5,
            "pivotY"        : 0.5
        },
        "106_BAN_HUD_FILLED_67_73_12_0002" : {
            "x" : 2,
            "y" : 150,
            "w" : 51,
            "h" : 55,
            "x_shift" : 8,
            "y_shift" : 9,
            "width_untrim" : 67,
            "height_untrim" : 73,
            "pivotX"        : 0.5,
            "pivotY"        : 0.5
        },
        "106_BAN_HUD_GROW_67_73_12_0017"   : {
            "x" : 55,
            "y" : 212,
            "w" : 51,
            "h" : 55,
            "x_shift" : 8,
            "y_shift" : 9,
            "width_untrim" : 67,
            "height_untrim" : 73,
            "pivotX"        : 0.5,
            "pivotY"        : 0.5
        },
        "106_BAN_HUD_GROW_67_73_12_0006"   : {
            "x" : 87,
            "y" : 272,
            "w" : 50,
            "h" : 55,
            "x_shift" : 8,
            "y_shift" : 9,
            "width_untrim" : 67,
            "height_untrim" : 73,
            "pivotX"        : 0.5,
            "pivotY"        : 0.5
        },
        "106_BAN_HUD_FILLED_67_73_12_0008" : {
            "x" : 2,
            "y" : 91,
            "w" : 49,
            "h" : 55,
            "x_shift" : 9,
            "y_shift" : 11,
            "width_untrim" : 67,
            "height_untrim" : 73,
            "pivotX"        : 0.5,
            "pivotY"        : 0.5
        },
        "106_APP_HUD_GROW_67_73_12_0008"   : {
            "x" : 2,
            "y" : 32,
            "w" : 46,
            "h" : 55,
            "x_shift" : 8,
            "y_shift" : 8,
            "width_untrim" : 67,
            "height_untrim" : 73,
            "pivotX"        : 0.5,
            "pivotY"        : 0.5
        },
        "106_APP_HUD_GROW_67_73_12_0002"   : {
            "x" : 2,
            "y" : 9,
            "w" : 17,
            "h" : 19,
            "x_shift" : 25,
            "y_shift" : 26,
            "width_untrim" : 67,
            "height_untrim" : 73,
            "pivotX"        : 0.5,
            "pivotY"        : 0.5
        },
        "106_CHE_HUD_GROW_67_73_12_0002"   : {
            "x" : 23,
            "y" : 12,
            "w" : 10,
            "h" : 16,
            "x_shift" : 39,
            "y_shift" : 39,
            "width_untrim" : 67,
            "height_untrim" : 73,
            "pivotX"        : 0.5,
            "pivotY"        : 0.5
        },
        "106_CHE_HUD_GROW_67_73_12_0001"   : {
            "x" : 23,
            "y" : 2,
            "w" : 8,
            "h" : 6,
            "x_shift" : 39,
            "y_shift" : 49,
            "width_untrim" : 67,
            "height_untrim" : 73,
            "pivotX"        : 0.5,
            "pivotY"        : 0.5
        },
        "106_APP_HUD_GROW_67_73_12_0001"   : {
            "x" : 35,
            "y" : 2,
            "w" : 6,
            "h" : 6,
            "x_shift" : 30,
            "y_shift" : 27,
            "width_untrim" : 67,
            "height_untrim" : 73,
            "pivotX"        : 0.5,
            "pivotY"        : 0.5
        },
        "106_BAN_HUD_GROW_67_73_12_0002"   : {
            "x" : 37,
            "y" : 17,
            "w" : 7,
            "h" : 11,
            "x_shift" : 29,
            "y_shift" : 12,
            "width_untrim" : 67,
            "height_untrim" : 73,
            "pivotX"        : 0.5,
            "pivotY"        : 0.5
        },
        "106_APP_HUD_GROW_67_73_12_0012"   : {
            "x" : 52,
            "y" : 32,
            "w" : 46,
            "h" : 55,
            "x_shift" : 10,
            "y_shift" : 9,
            "width_untrim" : 67,
            "height_untrim" : 73,
            "pivotX"        : 0.5,
            "pivotY"        : 0.5
        },
        "106_APP_HUD_FILLED_67_73_12_0010" : {
            "x" : 55,
            "y" : 91,
            "w" : 46,
            "h" : 55,
            "x_shift" : 10,
            "y_shift" : 13,
            "width_untrim" : 67,
            "height_untrim" : 73,
            "pivotX"        : 0.5,
            "pivotY"        : 0.5
        },
        "106_APP_HUD_FILLED_67_73_12_0017" : {
            "x" : 57,
            "y" : 153,
            "w" : 46,
            "h" : 55,
            "x_shift" : 10,
            "y_shift" : 9,
            "width_untrim" : 67,
            "height_untrim" : 73,
            "pivotX"        : 0.5,
            "pivotY"        : 0.5
        },
        "106_APP_HUD_FILLED_67_73_12_0018" : {
            "x" : 102,
            "y" : 32,
            "w" : 46,
            "h" : 55,
            "x_shift" : 10,
            "y_shift" : 9,
            "width_untrim" : 67,
            "height_untrim" : 73,
            "pivotX"        : 0.5,
            "pivotY"        : 0.5
        },
        "106_BAN_HUD_EMPTY_67_73_12_0000"  : {
            "x" : 105,
            "y" : 95,
            "w" : 51,
            "h" : 54,
            "x_shift" : 8,
            "y_shift" : 9,
            "width_untrim" : 67,
            "height_untrim" : 73,
            "pivotX"        : 0.5,
            "pivotY"        : 0.5
        },
        "106_BAN_HUD_FILLED_67_73_12_0000" : {
            "x" : 107,
            "y" : 154,
            "w" : 51,
            "h" : 54,
            "x_shift" : 8,
            "y_shift" : 9,
            "width_untrim" : 67,
            "height_untrim" : 73,
            "pivotX"        : 0.5,
            "pivotY"        : 0.5
        },
        "106_BAN_HUD_FILLED_67_73_12_0016" : {
            "x" : 107,
            "y" : 154,
            "w" : 51,
            "h" : 54,
            "x_shift" : 8,
            "y_shift" : 9,
            "width_untrim" : 67,
            "height_untrim" : 73,
            "pivotX"        : 0.5,
            "pivotY"        : 0.5
        },
        "106_BAN_HUD_GROW_67_73_12_0010"   : {
            "x" : 107,
            "y" : 154,
            "w" : 51,
            "h" : 54,
            "x_shift" : 8,
            "y_shift" : 9,
            "width_untrim" : 67,
            "height_untrim" : 73,
            "pivotX"        : 0.5,
            "pivotY"        : 0.5
        },
        "106_BAN_HUD_GROW_67_73_12_0019"   : {
            "x" : 107,
            "y" : 154,
            "w" : 51,
            "h" : 54,
            "x_shift" : 8,
            "y_shift" : 9,
            "width_untrim" : 67,
            "height_untrim" : 73,
            "pivotX"        : 0.5,
            "pivotY"        : 0.5
        },
        "106_BAN_HUD_FILLED_67_73_12_0001" : {
            "x" : 110,
            "y" : 214,
            "w" : 51,
            "h" : 54,
            "x_shift" : 8,
            "y_shift" : 9,
            "width_untrim" : 67,
            "height_untrim" : 73,
            "pivotX"        : 0.5,
            "pivotY"        : 0.5
        },
        "106_BAN_HUD_GROW_67_73_12_0013"   : {
            "x" : 152,
            "y" : 37,
            "w" : 51,
            "h" : 54,
            "x_shift" : 8,
            "y_shift" : 10,
            "width_untrim" : 67,
            "height_untrim" : 73,
            "pivotX"        : 0.5,
            "pivotY"        : 0.5
        },
        "106_BAN_HUD_GROW_67_73_12_0016"   : {
            "x" : 160,
            "y" : 96,
            "w" : 51,
            "h" : 54,
            "x_shift" : 8,
            "y_shift" : 9,
            "width_untrim" : 67,
            "height_untrim" : 73,
            "pivotX"        : 0.5,
            "pivotY"        : 0.5
        },
        "106_BAN_HUD_GROW_67_73_12_0018"   : {
            "x" : 162,
            "y" : 156,
            "w" : 51,
            "h" : 54,
            "x_shift" : 8,
            "y_shift" : 9,
            "width_untrim" : 67,
            "height_untrim" : 73,
            "pivotX"        : 0.5,
            "pivotY"        : 0.5
        },
        "106_BAN_HUD_FILLED_67_73_12_0007" : {
            "x" : 207,
            "y" : 38,
            "w" : 50,
            "h" : 54,
            "x_shift" : 8,
            "y_shift" : 10,
            "width_untrim" : 67,
            "height_untrim" : 73,
            "pivotX"        : 0.5,
            "pivotY"        : 0.5
        },
        "106_APP_HUD_GROW_67_73_12_0006"   : {
            "x" : 215,
            "y" : 98,
            "w" : 47,
            "h" : 54,
            "x_shift" : 12,
            "y_shift" : 8,
            "width_untrim" : 67,
            "height_untrim" : 73,
            "pivotX"        : 0.5,
            "pivotY"        : 0.5
        },
        "106_APP_HUD_GROW_67_73_12_0007"   : {
            "x" : 261,
            "y" : 40,
            "w" : 46,
            "h" : 54,
            "x_shift" : 10,
            "y_shift" : 9,
            "width_untrim" : 67,
            "height_untrim" : 73,
            "pivotX"        : 0.5,
            "pivotY"        : 0.5
        },
        "106_APP_HUD_GROW_67_73_12_0003"   : {
            "x" : 261,
            "y" : 2,
            "w" : 32,
            "h" : 34,
            "x_shift" : 18,
            "y_shift" : 23,
            "width_untrim" : 67,
            "height_untrim" : 73,
            "pivotX"        : 0.5,
            "pivotY"        : 0.5
        },
        "106_BAN_HUD_GROW_67_73_12_0003"   : {
            "x" : 297,
            "y" : 2,
            "w" : 21,
            "h" : 34,
            "x_shift" : 18,
            "y_shift" : 7,
            "width_untrim" : 67,
            "height_untrim" : 73,
            "pivotX"        : 0.5,
            "pivotY"        : 0.5
        },
        "106_CHE_HUD_GROW_67_73_12_0005"   : {
            "x" : 105,
            "y" : 461,
            "w" : 35,
            "h" : 54,
            "x_shift" : 26,
            "y_shift" : 7,
            "width_untrim" : 67,
            "height_untrim" : 73,
            "pivotX"        : 0.5,
            "pivotY"        : 0.5
        },
        "106_BAN_HUD_FILLED_67_73_12_0012" : {
            "x" : 105,
            "y" : 404,
            "w" : 52,
            "h" : 53,
            "x_shift" : 7,
            "y_shift" : 9,
            "width_untrim" : 67,
            "height_untrim" : 73,
            "pivotX"        : 0.5,
            "pivotY"        : 0.5
        },
        "106_APP_HUD_GROW_67_73_12_0005"   : {
            "x" : 144,
            "y" : 462,
            "w" : 49,
            "h" : 53,
            "x_shift" : 11,
            "y_shift" : 11,
            "width_untrim" : 67,
            "height_untrim" : 73,
            "pivotX"        : 0.5,
            "pivotY"        : 0.5
        },
        "106_APP_HUD_FILLED_67_73_12_0013" : {
            "x" : 153,
            "y" : 523,
            "w" : 48,
            "h" : 53,
            "x_shift" : 9,
            "y_shift" : 9,
            "width_untrim" : 67,
            "height_untrim" : 73,
            "pivotX"        : 0.5,
            "pivotY"        : 0.5
        },
        "106_CHE_HUD_GROW_67_73_12_0008"   : {
            "x" : 105,
            "y" : 347,
            "w" : 46,
            "h" : 53,
            "x_shift" : 10,
            "y_shift" : 9,
            "width_untrim" : 67,
            "height_untrim" : 73,
            "pivotX"        : 0.5,
            "pivotY"        : 0.5
        },
        "106_APP_HUD_FILLED_67_73_12_0000" : {
            "x" : 141,
            "y" : 290,
            "w" : 46,
            "h" : 53,
            "x_shift" : 10,
            "y_shift" : 9,
            "width_untrim" : 67,
            "height_untrim" : 73,
            "pivotX"        : 0.5,
            "pivotY"        : 0.5
        },
        "106_APP_HUD_GROW_67_73_12_0017"   : {
            "x" : 141,
            "y" : 290,
            "w" : 46,
            "h" : 53,
            "x_shift" : 10,
            "y_shift" : 9,
            "width_untrim" : 67,
            "height_untrim" : 73,
            "pivotX"        : 0.5,
            "pivotY"        : 0.5
        },
        "106_APP_HUD_FILLED_67_73_12_0019" : {
            "x" : 141,
            "y" : 290,
            "w" : 46,
            "h" : 53,
            "x_shift" : 10,
            "y_shift" : 9,
            "width_untrim" : 67,
            "height_untrim" : 73,
            "pivotX"        : 0.5,
            "pivotY"        : 0.5
        },
        "106_APP_HUD_GROW_67_73_12_0013"   : {
            "x" : 155,
            "y" : 347,
            "w" : 46,
            "h" : 53,
            "x_shift" : 10,
            "y_shift" : 9,
            "width_untrim" : 67,
            "height_untrim" : 73,
            "pivotX"        : 0.5,
            "pivotY"        : 0.5
        },
        "106_APP_HUD_GROW_67_73_12_0014"   : {
            "x" : 161,
            "y" : 405,
            "w" : 46,
            "h" : 53,
            "x_shift" : 10,
            "y_shift" : 9,
            "width_untrim" : 67,
            "height_untrim" : 73,
            "pivotX"        : 0.5,
            "pivotY"        : 0.5
        },
        "106_APP_HUD_GROW_67_73_12_0015"   : {
            "x" : 197,
            "y" : 466,
            "w" : 46,
            "h" : 53,
            "x_shift" : 10,
            "y_shift" : 9,
            "width_untrim" : 67,
            "height_untrim" : 73,
            "pivotX"        : 0.5,
            "pivotY"        : 0.5
        },
        "106_APP_HUD_GROW_67_73_12_0016"   : {
            "x" : 205,
            "y" : 523,
            "w" : 46,
            "h" : 53,
            "x_shift" : 10,
            "y_shift" : 9,
            "width_untrim" : 67,
            "height_untrim" : 73,
            "pivotX"        : 0.5,
            "pivotY"        : 0.5
        },
        "106_CHE_HUD_FILLED_67_73_12_0017" : {
            "x" : 165,
            "y" : 233,
            "w" : 45,
            "h" : 53,
            "x_shift" : 12,
            "y_shift" : 9,
            "width_untrim" : 67,
            "height_untrim" : 73,
            "pivotX"        : 0.5,
            "pivotY"        : 0.5
        },
        "106_CHE_HUD_FILLED_67_73_12_0006" : {
            "x" : 191,
            "y" : 290,
            "w" : 44,
            "h" : 53,
            "x_shift" : 13,
            "y_shift" : 10,
            "width_untrim" : 67,
            "height_untrim" : 73,
            "pivotX"        : 0.5,
            "pivotY"        : 0.5
        },
        "106_CHE_HUD_FILLED_67_73_12_0009" : {
            "x" : 205,
            "y" : 348,
            "w" : 44,
            "h" : 53,
            "x_shift" : 13,
            "y_shift" : 9,
            "width_untrim" : 67,
            "height_untrim" : 73,
            "pivotX"        : 0.5,
            "pivotY"        : 0.5
        },
        "106_CHE_HUD_GROW_67_73_12_0004"   : {
            "x" : 211,
            "y" : 409,
            "w" : 32,
            "h" : 53,
            "x_shift" : 34,
            "y_shift" : 6,
            "width_untrim" : 67,
            "height_untrim" : 73,
            "pivotX"        : 0.5,
            "pivotY"        : 0.5
        },
        "106_BAN_HUD_GROW_67_73_12_0007"   : {
            "x" : 214,
            "y" : 234,
            "w" : 54,
            "h" : 52,
            "x_shift" : 6,
            "y_shift" : 9,
            "width_untrim" : 67,
            "height_untrim" : 73,
            "pivotX"        : 0.5,
            "pivotY"        : 0.5
        },
        "106_BAN_HUD_FILLED_67_73_12_0003" : {
            "x" : 239,
            "y" : 292,
            "w" : 53,
            "h" : 52,
            "x_shift" : 7,
            "y_shift" : 9,
            "width_untrim" : 67,
            "height_untrim" : 73,
            "pivotX"        : 0.5,
            "pivotY"        : 0.5
        },
        "106_BAN_HUD_GROW_67_73_12_0009"   : {
            "x" : 217,
            "y" : 178,
            "w" : 53,
            "h" : 52,
            "x_shift" : 7,
            "y_shift" : 9,
            "width_untrim" : 67,
            "height_untrim" : 73,
            "pivotX"        : 0.5,
            "pivotY"        : 0.5
        },
        "106_BAN_HUD_GROW_67_73_12_0015"   : {
            "x" : 272,
            "y" : 236,
            "w" : 52,
            "h" : 52,
            "x_shift" : 7,
            "y_shift" : 9,
            "width_untrim" : 67,
            "height_untrim" : 73,
            "pivotX"        : 0.5,
            "pivotY"        : 0.5
        },
        "106_CHE_HUD_GROW_67_73_12_0009"   : {
            "x" : 266,
            "y" : 122,
            "w" : 47,
            "h" : 52,
            "x_shift" : 10,
            "y_shift" : 9,
            "width_untrim" : 67,
            "height_untrim" : 73,
            "pivotX"        : 0.5,
            "pivotY"        : 0.5
        },
        "106_CHE_HUD_GROW_67_73_12_0010"   : {
            "x" : 274,
            "y" : 180,
            "w" : 47,
            "h" : 52,
            "x_shift" : 10,
            "y_shift" : 9,
            "width_untrim" : 67,
            "height_untrim" : 73,
            "pivotX"        : 0.5,
            "pivotY"        : 0.5
        },
        "106_CHE_HUD_FILLED_67_73_12_0011" : {
            "x" : 311,
            "y" : 66,
            "w" : 46,
            "h" : 52,
            "x_shift" : 11,
            "y_shift" : 9,
            "width_untrim" : 67,
            "height_untrim" : 73,
            "pivotX"        : 0.5,
            "pivotY"        : 0.5
        },
        "106_CHE_HUD_FILLED_67_73_12_0014" : {
            "x" : 317,
            "y" : 124,
            "w" : 46,
            "h" : 52,
            "x_shift" : 11,
            "y_shift" : 9,
            "width_untrim" : 67,
            "height_untrim" : 73,
            "pivotX"        : 0.5,
            "pivotY"        : 0.5
        },
        "106_CHE_HUD_GROW_67_73_12_0011"   : {
            "x" : 325,
            "y" : 180,
            "w" : 46,
            "h" : 52,
            "x_shift" : 11,
            "y_shift" : 9,
            "width_untrim" : 67,
            "height_untrim" : 73,
            "pivotX"        : 0.5,
            "pivotY"        : 0.5
        },
        "106_CHE_HUD_GROW_67_73_12_0012"   : {
            "x" : 322,
            "y" : 10,
            "w" : 46,
            "h" : 52,
            "x_shift" : 11,
            "y_shift" : 9,
            "width_untrim" : 67,
            "height_untrim" : 73,
            "pivotX"        : 0.5,
            "pivotY"        : 0.5
        },
        "106_APP_HUD_EMPTY_67_73_12_0000"  : {
            "x" : 361,
            "y" : 68,
            "w" : 46,
            "h" : 52,
            "x_shift" : 10,
            "y_shift" : 9,
            "width_untrim" : 67,
            "height_untrim" : 73,
            "pivotX"        : 0.5,
            "pivotY"        : 0.5
        },
        "106_APP_HUD_FILLED_67_73_12_0007" : {
            "x" : 367,
            "y" : 124,
            "w" : 46,
            "h" : 52,
            "x_shift" : 10,
            "y_shift" : 12,
            "width_untrim" : 67,
            "height_untrim" : 73,
            "pivotX"        : 0.5,
            "pivotY"        : 0.5
        },
        "106_APP_HUD_FILLED_67_73_12_0008" : {
            "x" : 372,
            "y" : 12,
            "w" : 46,
            "h" : 52,
            "x_shift" : 10,
            "y_shift" : 13,
            "width_untrim" : 67,
            "height_untrim" : 73,
            "pivotX"        : 0.5,
            "pivotY"        : 0.5
        },
        "106_APP_HUD_FILLED_67_73_12_0009" : {
            "x" : 411,
            "y" : 68,
            "w" : 46,
            "h" : 52,
            "x_shift" : 10,
            "y_shift" : 14,
            "width_untrim" : 67,
            "height_untrim" : 73,
            "pivotX"        : 0.5,
            "pivotY"        : 0.5
        },
        "106_CHE_HUD_FILLED_67_73_12_0000" : {
            "x" : 422,
            "y" : 12,
            "w" : 45,
            "h" : 52,
            "x_shift" : 12,
            "y_shift" : 9,
            "width_untrim" : 67,
            "height_untrim" : 73,
            "pivotX"        : 0.5,
            "pivotY"        : 0.5
        },
        "106_CHE_HUD_FILLED_67_73_12_0019" : {
            "x" : 422,
            "y" : 12,
            "w" : 45,
            "h" : 52,
            "x_shift" : 12,
            "y_shift" : 9,
            "width_untrim" : 67,
            "height_untrim" : 73,
            "pivotX"        : 0.5,
            "pivotY"        : 0.5
        },
        "106_CHE_HUD_GROW_67_73_12_0013"   : {
            "x" : 422,
            "y" : 12,
            "w" : 45,
            "h" : 52,
            "x_shift" : 12,
            "y_shift" : 9,
            "width_untrim" : 67,
            "height_untrim" : 73,
            "pivotX"        : 0.5,
            "pivotY"        : 0.5
        },
        "106_BAN_HUD_GROW_67_73_12_0008"   : {
            "x" : 471,
            "y" : 526,
            "w" : 56,
            "h" : 50,
            "x_shift" : 5,
            "y_shift" : 9,
            "width_untrim" : 67,
            "height_untrim" : 73,
            "pivotX"        : 0.5,
            "pivotY"        : 0.5
        },
        "106_APP_HUD_FILLED_67_73_12_0001" : {
            "x" : 417,
            "y" : 527,
            "w" : 50,
            "h" : 49,
            "x_shift" : 8,
            "y_shift" : 9,
            "width_untrim" : 67,
            "height_untrim" : 73,
            "pivotX"        : 0.5,
            "pivotY"        : 0.5
        },
        "106_APP_HUD_FILLED_67_73_12_0005" : {
            "x" : 417,
            "y" : 474,
            "w" : 50,
            "h" : 49,
            "x_shift" : 8,
            "y_shift" : 9,
            "width_untrim" : 67,
            "height_untrim" : 73,
            "pivotX"        : 0.5,
            "pivotY"        : 0.5
        },
        "106_CHE_HUD_FILLED_67_73_12_0002" : {
            "x" : 531,
            "y" : 524,
            "w" : 45,
            "h" : 52,
            "x_shift" : 12,
            "y_shift" : 8,
            "width_untrim" : 67,
            "height_untrim" : 73,
            "pivotX"        : 0.5,
            "pivotY"        : 0.5
        },
        "106_BAN_HUD_FILLED_67_73_12_0005" : {
            "x" : 471,
            "y" : 473,
            "w" : 56,
            "h" : 49,
            "x_shift" : 5,
            "y_shift" : 9,
            "width_untrim" : 67,
            "height_untrim" : 73,
            "pivotX"        : 0.5,
            "pivotY"        : 0.5
        },
        "106_APP_HUD_FILLED_67_73_12_0014" : {
            "x" : 417,
            "y" : 422,
            "w" : 50,
            "h" : 48,
            "x_shift" : 8,
            "y_shift" : 9,
            "width_untrim" : 67,
            "height_untrim" : 73,
            "pivotX"        : 0.5,
            "pivotY"        : 0.5
        },
        "106_CHE_HUD_FILLED_67_73_12_0003" : {
            "x" : 531,
            "y" : 468,
            "w" : 45,
            "h" : 52,
            "x_shift" : 12,
            "y_shift" : 8,
            "width_untrim" : 67,
            "height_untrim" : 73,
            "pivotX"        : 0.5,
            "pivotY"        : 0.5
        },
        "106_BAN_HUD_FILLED_67_73_12_0013" : {
            "x" : 471,
            "y" : 421,
            "w" : 56,
            "h" : 48,
            "x_shift" : 5,
            "y_shift" : 9,
            "width_untrim" : 67,
            "height_untrim" : 73,
            "pivotX"        : 0.5,
            "pivotY"        : 0.5
        },
        "106_CHE_HUD_FILLED_67_73_12_0010" : {
            "x" : 531,
            "y" : 412,
            "w" : 45,
            "h" : 52,
            "x_shift" : 12,
            "y_shift" : 9,
            "width_untrim" : 67,
            "height_untrim" : 73,
            "pivotX"        : 0.5,
            "pivotY"        : 0.5
        },
        "106_APP_HUD_FILLED_67_73_12_0015" : {
            "x" : 417,
            "y" : 370,
            "w" : 49,
            "h" : 48,
            "x_shift" : 9,
            "y_shift" : 9,
            "width_untrim" : 67,
            "height_untrim" : 73,
            "pivotX"        : 0.5,
            "pivotY"        : 0.5
        },
        "106_BAN_HUD_FILLED_67_73_12_0004" : {
            "x" : 471,
            "y" : 366,
            "w" : 55,
            "h" : 51,
            "x_shift" : 6,
            "y_shift" : 9,
            "width_untrim" : 67,
            "height_untrim" : 73,
            "pivotX"        : 0.5,
            "pivotY"        : 0.5
        },
        "106_CHE_HUD_FILLED_67_73_12_0012" : {
            "x" : 530,
            "y" : 357,
            "w" : 46,
            "h" : 51,
            "x_shift" : 11,
            "y_shift" : 9,
            "width_untrim" : 67,
            "height_untrim" : 73,
            "pivotX"        : 0.5,
            "pivotY"        : 0.5
        },
        "106_BAN_HUD_FILLED_67_73_12_0014" : {
            "x" : 471,
            "y" : 314,
            "w" : 55,
            "h" : 48,
            "x_shift" : 6,
            "y_shift" : 9,
            "width_untrim" : 67,
            "height_untrim" : 73,
            "pivotX"        : 0.5,
            "pivotY"        : 0.5
        },
        "106_CHE_HUD_FILLED_67_73_12_0013" : {
            "x" : 530,
            "y" : 302,
            "w" : 46,
            "h" : 51,
            "x_shift" : 11,
            "y_shift" : 9,
            "width_untrim" : 67,
            "height_untrim" : 73,
            "pivotX"        : 0.5,
            "pivotY"        : 0.5
        },
        "106_BAN_HUD_FILLED_67_73_12_0006" : {
            "x" : 471,
            "y" : 259,
            "w" : 54,
            "h" : 51,
            "x_shift" : 6,
            "y_shift" : 9,
            "width_untrim" : 67,
            "height_untrim" : 73,
            "pivotX"        : 0.5,
            "pivotY"        : 0.5
        },
        "106_APP_HUD_FILLED_67_73_12_0006" : {
            "x" : 529,
            "y" : 247,
            "w" : 47,
            "h" : 51,
            "x_shift" : 10,
            "y_shift" : 10,
            "width_untrim" : 67,
            "height_untrim" : 73,
            "pivotX"        : 0.5,
            "pivotY"        : 0.5
        },
        "106_APP_HUD_FILLED_67_73_12_0003" : {
            "x" : 471,
            "y" : 211,
            "w" : 54,
            "h" : 44,
            "x_shift" : 6,
            "y_shift" : 9,
            "width_untrim" : 67,
            "height_untrim" : 73,
            "pivotX"        : 0.5,
            "pivotY"        : 0.5
        },
        "106_CHE_HUD_FILLED_67_73_12_0015" : {
            "x" : 529,
            "y" : 191,
            "w" : 45,
            "h" : 52,
            "x_shift" : 12,
            "y_shift" : 10,
            "width_untrim" : 67,
            "height_untrim" : 73,
            "pivotX"        : 0.5,
            "pivotY"        : 0.5
        },
        "106_BAN_HUD_FILLED_67_73_12_0015" : {
            "x" : 471,
            "y" : 156,
            "w" : 53,
            "h" : 51,
            "x_shift" : 7,
            "y_shift" : 9,
            "width_untrim" : 67,
            "height_untrim" : 73,
            "pivotX"        : 0.5,
            "pivotY"        : 0.5
        },
        "106_APP_HUD_FILLED_67_73_12_0016" : {
            "x" : 528,
            "y" : 136,
            "w" : 48,
            "h" : 51,
            "x_shift" : 9,
            "y_shift" : 9,
            "width_untrim" : 67,
            "height_untrim" : 73,
            "pivotX"        : 0.5,
            "pivotY"        : 0.5
        },
        "106_BAN_HUD_GROW_67_73_12_0014"   : {
            "x" : 471,
            "y" : 101,
            "w" : 53,
            "h" : 51,
            "x_shift" : 7,
            "y_shift" : 9,
            "width_untrim" : 67,
            "height_untrim" : 73,
            "pivotX"        : 0.5,
            "pivotY"        : 0.5
        },
        "106_CHE_HUD_FILLED_67_73_12_0016" : {
            "x" : 528,
            "y" : 80,
            "w" : 45,
            "h" : 52,
            "x_shift" : 12,
            "y_shift" : 10,
            "width_untrim" : 67,
            "height_untrim" : 73,
            "pivotX"        : 0.5,
            "pivotY"        : 0.5
        },
        "106_APP_HUD_FILLED_67_73_12_0002" : {
            "x" : 471,
            "y" : 51,
            "w" : 53,
            "h" : 46,
            "x_shift" : 7,
            "y_shift" : 9,
            "width_untrim" : 67,
            "height_untrim" : 73,
            "pivotX"        : 0.5,
            "pivotY"        : 0.5
        },
        "106_CHE_HUD_FILLED_67_73_12_0018" : {
            "x" : 528,
            "y" : 24,
            "w" : 45,
            "h" : 52,
            "x_shift" : 12,
            "y_shift" : 9,
            "width_untrim" : 67,
            "height_untrim" : 73,
            "pivotX"        : 0.5,
            "pivotY"        : 0.5
        },
        "106_CHE_HUD_GROW_67_73_12_0007"   : {
            "x" : 417,
            "y" : 314,
            "w" : 45,
            "h" : 52,
            "x_shift" : 11,
            "y_shift" : 9,
            "width_untrim" : 67,
            "height_untrim" : 73,
            "pivotX"        : 0.5,
            "pivotY"        : 0.5
        },
        "106_CHE_HUD_EMPTY_67_73_12_0000"  : {
            "x" : 417,
            "y" : 258,
            "w" : 45,
            "h" : 52,
            "x_shift" : 12,
            "y_shift" : 9,
            "width_untrim" : 67,
            "height_untrim" : 73,
            "pivotX"        : 0.5,
            "pivotY"        : 0.5
        },
        "106_CHE_HUD_FILLED_67_73_12_0001" : {
            "x" : 417,
            "y" : 203,
            "w" : 45,
            "h" : 51,
            "x_shift" : 12,
            "y_shift" : 9,
            "width_untrim" : 67,
            "height_untrim" : 73,
            "pivotX"        : 0.5,
            "pivotY"        : 0.5
        },
        "106_CHE_HUD_FILLED_67_73_12_0007" : {
            "x" : 417,
            "y" : 148,
            "w" : 45,
            "h" : 51,
            "x_shift" : 13,
            "y_shift" : 12,
            "width_untrim" : 67,
            "height_untrim" : 73,
            "pivotX"        : 0.5,
            "pivotY"        : 0.5
        },
        "106_CHE_HUD_GROW_67_73_12_0003"   : {
            "x" : 471,
            "y" : 14,
            "w" : 19,
            "h" : 33,
            "x_shift" : 39,
            "y_shift" : 22,
            "width_untrim" : 67,
            "height_untrim" : 73,
            "pivotX"        : 0.5,
            "pivotY"        : 0.5
        },
        "106_APP_HUD_FILLED_67_73_12_0004" : {
            "x" : 328,
            "y" : 530,
            "w" : 53,
            "h" : 46,
            "x_shift" : 7,
            "y_shift" : 9,
            "width_untrim" : 67,
            "height_untrim" : 73,
            "pivotX"        : 0.5,
            "pivotY"        : 0.5
        },
        "106_CHE_HUD_FILLED_67_73_12_0004" : {
            "x" : 255,
            "y" : 524,
            "w" : 44,
            "h" : 52,
            "x_shift" : 13,
            "y_shift" : 8,
            "width_untrim" : 67,
            "height_untrim" : 73,
            "pivotX"        : 0.5,
            "pivotY"        : 0.5
        },
        "106_CHE_HUD_FILLED_67_73_12_0005" : {
            "x" : 328,
            "y" : 474,
            "w" : 44,
            "h" : 52,
            "x_shift" : 13,
            "y_shift" : 9,
            "width_untrim" : 67,
            "height_untrim" : 73,
            "pivotX"        : 0.5,
            "pivotY"        : 0.5
        },
        "106_CHE_HUD_FILLED_67_73_12_0008" : {
            "x" : 247,
            "y" : 418,
            "w" : 44,
            "h" : 52,
            "x_shift" : 13,
            "y_shift" : 11,
            "width_untrim" : 67,
            "height_untrim" : 73,
            "pivotX"        : 0.5,
            "pivotY"        : 0.5
        },
        "106_CHE_HUD_GROW_67_73_12_0006"   : {
            "x" : 253,
            "y" : 364,
            "w" : 42,
            "h" : 50,
            "x_shift" : 15,
            "y_shift" : 10,
            "width_untrim" : 67,
            "height_untrim" : 73,
            "pivotX"        : 0.5,
            "pivotY"        : 0.5
        },
        "106_APP_HUD_GROW_67_73_12_0004"   : {
            "x" : 295,
            "y" : 423,
            "w" : 44,
            "h" : 47,
            "x_shift" : 13,
            "y_shift" : 18,
            "width_untrim" : 67,
            "height_untrim" : 73,
            "pivotX"        : 0.5,
            "pivotY"        : 0.5
        }
    }
}