
{
    "version" : "2.4-63",
    "entries" : {
        "03_basket_mask_02163" : {
            "x" : 2,
            "y" : 455,
            "w" : 424,
            "h" : 80,
            "x_shift" : 0,
            "y_shift" : 0,
            "width_untrim" : 424,
            "height_untrim" : 80,
            "pivotX"        : 0.5,
            "pivotY"        : 0.5
        },
        "03-1_napkin_pickup_01522" : {
            "x" : 2,
            "y" : 252,
            "w" : 153,
            "h" : 199,
            "x_shift" : 0,
            "y_shift" : 0,
            "width_untrim" : 153,
            "height_untrim" : 199,
            "pivotX"        : 0.5,
            "pivotY"        : 0.5
        },
        "03-1_right_napkin_landing_01720" : {
            "x" : 2,
            "y" : 92,
            "w" : 212,
            "h" : 156,
            "x_shift" : 0,
            "y_shift" : 0,
            "width_untrim" : 212,
            "height_untrim" : 156,
            "pivotX"        : 0.5,
            "pivotY"        : 0.5
        },
        "03-1_left_napkin_01172"          : {
            "x" : 159,
            "y" : 303,
            "w" : 194,
            "h" : 148,
            "x_shift" : 0,
            "y_shift" : 0,
            "width_untrim" : 194,
            "height_untrim" : 148,
            "pivotX"        : 0.5,
            "pivotY"        : 0.5
        },
        "03-1_left_napkin_landing_01738"  : {
            "x" : 218,
            "y" : 154,
            "w" : 207,
            "h" : 145,
            "x_shift" : 0,
            "y_shift" : 0,
            "width_untrim" : 207,
            "height_untrim" : 145,
            "pivotX"        : 0.5,
            "pivotY"        : 0.5
        },
        "03-1_right_napkin_01190"         : {
            "x" : 218,
            "y" : 2,
            "w" : 193,
            "h" : 148,
            "x_shift" : 0,
            "y_shift" : 0,
            "width_untrim" : 193,
            "height_untrim" : 148,
            "pivotX"        : 0.5,
            "pivotY"        : 0.5
        }
    }
}