
{
    "version" : "2.4-63",
    "entries" : {
        "309_i02_PresentsLeft50_00007" : {
            "x" : 2,
            "y" : 451,
            "w" : 173,
            "h" : 312,
            "x_shift" : 0,
            "y_shift" : 7,
            "width_untrim" : 250,
            "height_untrim" : 326,
            "pivotX"        : 0.5,
            "pivotY"        : 0.5
        },
        "309_i02_PresentsLeft50_00006" : {
            "x" : 2,
            "y" : 151,
            "w" : 188,
            "h" : 296,
            "x_shift" : 0,
            "y_shift" : 6,
            "width_untrim" : 250,
            "height_untrim" : 326,
            "pivotX"        : 0.5,
            "pivotY"        : 0.5
        },
        "309_i02_PresentsLeft50_00011" : {
            "x" : 2,
            "y" : 5,
            "w" : 31,
            "h" : 142,
            "x_shift" : 0,
            "y_shift" : 34,
            "width_untrim" : 250,
            "height_untrim" : 326,
            "pivotX"        : 0.5,
            "pivotY"        : 0.5
        },
        "309_i02_PresentsLeft50_00008" : {
            "x" : 179,
            "y" : 472,
            "w" : 91,
            "h" : 291,
            "x_shift" : 0,
            "y_shift" : 13,
            "width_untrim" : 250,
            "height_untrim" : 326,
            "pivotX"        : 0.5,
            "pivotY"        : 0.5
        },
        "309_i02_PresentsLeft50_00013" : {
            "x" : 179,
            "y" : 451,
            "w" : 13,
            "h" : 17,
            "x_shift" : 0,
            "y_shift" : 55,
            "width_untrim" : 250,
            "height_untrim" : 326,
            "pivotX"        : 0.5,
            "pivotY"        : 0.5
        },
        "309_i02_PresentsLeft50_00012" : {
            "x" : 37,
            "y" : 26,
            "w" : 21,
            "h" : 121,
            "x_shift" : 0,
            "y_shift" : 40,
            "width_untrim" : 250,
            "height_untrim" : 326,
            "pivotX"        : 0.5,
            "pivotY"        : 0.5
        },
        "309_i02_PresentsLeft50_00005" : {
            "x" : 194,
            "y" : 166,
            "w" : 200,
            "h" : 281,
            "x_shift" : 0,
            "y_shift" : 7,
            "width_untrim" : 250,
            "height_untrim" : 326,
            "pivotX"        : 0.5,
            "pivotY"        : 0.5
        },
        "309_i02_PresentsLeft50_00010" : {
            "x" : 194,
            "y" : 2,
            "w" : 50,
            "h" : 160,
            "x_shift" : 0,
            "y_shift" : 29,
            "width_untrim" : 250,
            "height_untrim" : 326,
            "pivotX"        : 0.5,
            "pivotY"        : 0.5
        },
        "309_i02_PresentsLeft50_00004" : {
            "x" : 274,
            "y" : 515,
            "w" : 227,
            "h" : 248,
            "x_shift" : 2,
            "y_shift" : 20,
            "width_untrim" : 250,
            "height_untrim" : 326,
            "pivotX"        : 0.5,
            "pivotY"        : 0.5
        },
        "309_i02_PresentsLeft50_00003" : {
            "x" : 505,
            "y" : 536,
            "w" : 207,
            "h" : 227,
            "x_shift" : 33,
            "y_shift" : 15,
            "width_untrim" : 250,
            "height_untrim" : 326,
            "pivotX"        : 0.5,
            "pivotY"        : 0.5
        },
        "309_i02_PresentsLeft50_00002" : {
            "x" : 505,
            "y" : 328,
            "w" : 185,
            "h" : 204,
            "x_shift" : 57,
            "y_shift" : 12,
            "width_untrim" : 250,
            "height_untrim" : 326,
            "pivotX"        : 0.5,
            "pivotY"        : 0.5
        },
        "309_i02_PresentsLeft50_00009" : {
            "x" : 694,
            "y" : 353,
            "w" : 67,
            "h" : 179,
            "x_shift" : 0,
            "y_shift" : 18,
            "width_untrim" : 250,
            "height_untrim" : 326,
            "pivotX"        : 0.5,
            "pivotY"        : 0.5
        },
        "309_i02_PresentsLeft50_00001" : {
            "x" : 398,
            "y" : 139,
            "w" : 171,
            "h" : 185,
            "x_shift" : 72,
            "y_shift" : 13,
            "width_untrim" : 250,
            "height_untrim" : 326,
            "pivotX"        : 0.5,
            "pivotY"        : 0.5
        },
        "309_i02_PresentsLeft50_00000" : {
            "x" : 573,
            "y" : 147,
            "w" : 166,
            "h" : 177,
            "x_shift" : 77,
            "y_shift" : 14,
            "width_untrim" : 250,
            "height_untrim" : 326,
            "pivotX"        : 0.5,
            "pivotY"        : 0.5
        }
    }
}