
{
    "version" : "2.4-61",
    "entries" : {
        "zelda-7" : {
            "x" : 2,
            "y" : 225,
            "w" : 229,
            "h" : 220,
            "x_shift" : 0,
            "y_shift" : 0,
            "width_untrim" : 229,
            "height_untrim" : 220,
            "pivotX"        : 0.5,
            "pivotY"        : 0.5
        },
        "zelda-6" : {
            "x" : 235,
            "y" : 220,
            "w" : 225,
            "h" : 225,
            "x_shift" : 0,
            "y_shift" : 0,
            "width_untrim" : 225,
            "height_untrim" : 225,
            "pivotX"        : 0.5,
            "pivotY"        : 0.5
        },
        "zelda-gear" : {
            "x" : 2,
            "y" : 2,
            "w" : 219,
            "h" : 219,
            "x_shift" : 0,
            "y_shift" : 0,
            "width_untrim" : 219,
            "height_untrim" : 220,
            "pivotX"        : 0.5,
            "pivotY"        : 0.5
        },
        "zelda-booger" : {
            "x" : 225,
            "y" : 49,
            "w" : 188,
            "h" : 167,
            "x_shift" : 0,
            "y_shift" : 0,
            "width_untrim" : 190,
            "height_untrim" : 168,
            "pivotX"        : 0.5,
            "pivotY"        : 0.5
        },
        "zelda-arrow"  : {
            "x" : 417,
            "y" : 49,
            "w" : 129,
            "h" : 167,
            "x_shift" : 0,
            "y_shift" : 0,
            "width_untrim" : 129,
            "height_untrim" : 167,
            "pivotX"        : 0.5,
            "pivotY"        : 0.5
        }
    }
}