
{
    "version" : "2.4-63",
    "entries" : {
        "108_0_squarefixed_00000" : {
            "x" : 2,
            "y" : 2,
            "w" : 209,
            "h" : 208,
            "x_shift" : 9,
            "y_shift" : 10,
            "width_untrim" : 223,
            "height_untrim" : 223,
            "pivotX"        : 0.5,
            "pivotY"        : 0.5
        },
        "108_0_squarebroken_00000" : {
            "x" : 215,
            "y" : 2,
            "w" : 208,
            "h" : 208,
            "x_shift" : 9,
            "y_shift" : 10,
            "width_untrim" : 223,
            "height_untrim" : 223,
            "pivotX"        : 0.5,
            "pivotY"        : 0.5
        }
    }
}