
{
    "version" : "2.4-63",
    "entries" : {
        "000_i00_Glow_200_200_24_00357" : {
            "x" : 2,
            "y" : 1420,
            "w" : 200,
            "h" : 200,
            "x_shift" : 0,
            "y_shift" : 0,
            "width_untrim" : 200,
            "height_untrim" : 200,
            "pivotX"        : 0.5,
            "pivotY"        : 0.5
        },
        "000_i00_Glow_200_200_24_00326" : {
            "x" : 2,
            "y" : 1216,
            "w" : 198,
            "h" : 200,
            "x_shift" : 2,
            "y_shift" : 0,
            "width_untrim" : 200,
            "height_untrim" : 200,
            "pivotX"        : 0.5,
            "pivotY"        : 0.5
        },
        "000_i00_Glow_200_200_24_00356" : {
            "x" : 2,
            "y" : 1012,
            "w" : 198,
            "h" : 200,
            "x_shift" : 2,
            "y_shift" : 0,
            "width_untrim" : 200,
            "height_untrim" : 200,
            "pivotX"        : 0.5,
            "pivotY"        : 0.5
        },
        "000_i00_Glow_200_200_24_00355" : {
            "x" : 2,
            "y" : 808,
            "w" : 197,
            "h" : 200,
            "x_shift" : 3,
            "y_shift" : 0,
            "width_untrim" : 200,
            "height_untrim" : 200,
            "pivotX"        : 0.5,
            "pivotY"        : 0.5
        },
        "000_i00_Glow_200_200_24_00327" : {
            "x" : 2,
            "y" : 604,
            "w" : 196,
            "h" : 200,
            "x_shift" : 4,
            "y_shift" : 0,
            "width_untrim" : 200,
            "height_untrim" : 200,
            "pivotX"        : 0.5,
            "pivotY"        : 0.5
        },
        "000_i00_Glow_200_200_24_00354" : {
            "x" : 2,
            "y" : 400,
            "w" : 195,
            "h" : 200,
            "x_shift" : 5,
            "y_shift" : 0,
            "width_untrim" : 200,
            "height_untrim" : 200,
            "pivotX"        : 0.5,
            "pivotY"        : 0.5
        },
        "000_i00_Glow_200_200_24_00358" : {
            "x" : 2,
            "y" : 196,
            "w" : 195,
            "h" : 200,
            "x_shift" : 5,
            "y_shift" : 0,
            "width_untrim" : 200,
            "height_untrim" : 200,
            "pivotX"        : 0.5,
            "pivotY"        : 0.5
        },
        "000_i00_Glow_200_200_24_00316" : {
            "x" : 2,
            "y" : 2,
            "w" : 181,
            "h" : 190,
            "x_shift" : 19,
            "y_shift" : 5,
            "width_untrim" : 200,
            "height_untrim" : 200,
            "pivotX"        : 0.5,
            "pivotY"        : 0.5
        },
        "000_i00_Glow_200_200_24_00347" : {
            "x" : 187,
            "y" : 2,
            "w" : 175,
            "h" : 190,
            "x_shift" : 23,
            "y_shift" : 9,
            "width_untrim" : 200,
            "height_untrim" : 200,
            "pivotX"        : 0.5,
            "pivotY"        : 0.5
        },
        "000_i00_Glow_200_200_24_00323" : {
            "x" : 201,
            "y" : 400,
            "w" : 194,
            "h" : 200,
            "x_shift" : 6,
            "y_shift" : 0,
            "width_untrim" : 200,
            "height_untrim" : 200,
            "pivotX"        : 0.5,
            "pivotY"        : 0.5
        },
        "000_i00_Glow_200_200_24_00324" : {
            "x" : 202,
            "y" : 604,
            "w" : 194,
            "h" : 200,
            "x_shift" : 6,
            "y_shift" : 0,
            "width_untrim" : 200,
            "height_untrim" : 200,
            "pivotX"        : 0.5,
            "pivotY"        : 0.5
        },
        "000_i00_Glow_200_200_24_00325" : {
            "x" : 203,
            "y" : 808,
            "w" : 194,
            "h" : 200,
            "x_shift" : 6,
            "y_shift" : 0,
            "width_untrim" : 200,
            "height_untrim" : 200,
            "pivotX"        : 0.5,
            "pivotY"        : 0.5
        },
        "000_i00_Glow_200_200_24_00359" : {
            "x" : 201,
            "y" : 196,
            "w" : 194,
            "h" : 200,
            "x_shift" : 6,
            "y_shift" : 0,
            "width_untrim" : 200,
            "height_untrim" : 200,
            "pivotX"        : 0.5,
            "pivotY"        : 0.5
        },
        "000_i00_Glow_200_200_24_00335" : {
            "x" : 366,
            "y" : 4,
            "w" : 177,
            "h" : 188,
            "x_shift" : 23,
            "y_shift" : 11,
            "width_untrim" : 200,
            "height_untrim" : 200,
            "pivotX"        : 0.5,
            "pivotY"        : 0.5
        },
        "000_i00_Glow_200_200_24_00322" : {
            "x" : 399,
            "y" : 400,
            "w" : 192,
            "h" : 200,
            "x_shift" : 8,
            "y_shift" : 0,
            "width_untrim" : 200,
            "height_untrim" : 200,
            "pivotX"        : 0.5,
            "pivotY"        : 0.5
        },
        "000_i00_Glow_200_200_24_00360" : {
            "x" : 400,
            "y" : 604,
            "w" : 192,
            "h" : 200,
            "x_shift" : 8,
            "y_shift" : 0,
            "width_untrim" : 200,
            "height_untrim" : 200,
            "pivotX"        : 0.5,
            "pivotY"        : 0.5
        },
        "000_i00_Glow_200_200_24_00328" : {
            "x" : 399,
            "y" : 196,
            "w" : 191,
            "h" : 200,
            "x_shift" : 9,
            "y_shift" : 0,
            "width_untrim" : 200,
            "height_untrim" : 200,
            "pivotX"        : 0.5,
            "pivotY"        : 0.5
        },
        "000_i00_Glow_200_200_24_00365" : {
            "x" : 547,
            "y" : 6,
            "w" : 181,
            "h" : 186,
            "x_shift" : 18,
            "y_shift" : 8,
            "width_untrim" : 200,
            "height_untrim" : 200,
            "pivotX"        : 0.5,
            "pivotY"        : 0.5
        },
        "000_i00_Glow_200_200_24_00361" : {
            "x" : 594,
            "y" : 196,
            "w" : 191,
            "h" : 200,
            "x_shift" : 9,
            "y_shift" : 0,
            "width_untrim" : 200,
            "height_untrim" : 200,
            "pivotX"        : 0.5,
            "pivotY"        : 0.5
        },
        "000_i00_Glow_200_200_24_00329" : {
            "x" : 595,
            "y" : 400,
            "w" : 189,
            "h" : 200,
            "x_shift" : 11,
            "y_shift" : 0,
            "width_untrim" : 200,
            "height_untrim" : 200,
            "pivotX"        : 0.5,
            "pivotY"        : 0.5
        },
        "000_i00_Glow_200_200_24_00336" : {
            "x" : 732,
            "y" : 6,
            "w" : 171,
            "h" : 186,
            "x_shift" : 26,
            "y_shift" : 12,
            "width_untrim" : 200,
            "height_untrim" : 200,
            "pivotX"        : 0.5,
            "pivotY"        : 0.5
        },
        "000_i00_Glow_200_200_24_00353" : {
            "x" : 204,
            "y" : 1216,
            "w" : 189,
            "h" : 200,
            "x_shift" : 11,
            "y_shift" : 0,
            "width_untrim" : 200,
            "height_untrim" : 200,
            "pivotX"        : 0.5,
            "pivotY"        : 0.5
        },
        "000_i00_Glow_200_200_24_00352" : {
            "x" : 206,
            "y" : 1420,
            "w" : 188,
            "h" : 200,
            "x_shift" : 12,
            "y_shift" : 0,
            "width_untrim" : 200,
            "height_untrim" : 200,
            "pivotX"        : 0.5,
            "pivotY"        : 0.5
        },
        "000_i00_Glow_200_200_24_00351" : {
            "x" : 204,
            "y" : 1012,
            "w" : 184,
            "h" : 200,
            "x_shift" : 16,
            "y_shift" : 0,
            "width_untrim" : 200,
            "height_untrim" : 200,
            "pivotX"        : 0.5,
            "pivotY"        : 0.5
        },
        "000_i00_Glow_200_200_24_00320" : {
            "x" : 392,
            "y" : 1013,
            "w" : 189,
            "h" : 199,
            "x_shift" : 11,
            "y_shift" : 0,
            "width_untrim" : 200,
            "height_untrim" : 200,
            "pivotX"        : 0.5,
            "pivotY"        : 0.5
        },
        "000_i00_Glow_200_200_24_00363" : {
            "x" : 397,
            "y" : 1217,
            "w" : 186,
            "h" : 199,
            "x_shift" : 14,
            "y_shift" : 1,
            "width_untrim" : 200,
            "height_untrim" : 200,
            "pivotX"        : 0.5,
            "pivotY"        : 0.5
        },
        "000_i00_Glow_200_200_24_00321" : {
            "x" : 398,
            "y" : 1422,
            "w" : 189,
            "h" : 198,
            "x_shift" : 11,
            "y_shift" : 0,
            "width_untrim" : 200,
            "height_untrim" : 200,
            "pivotX"        : 0.5,
            "pivotY"        : 0.5
        },
        "000_i00_Glow_200_200_24_00362" : {
            "x" : 401,
            "y" : 811,
            "w" : 188,
            "h" : 198,
            "x_shift" : 12,
            "y_shift" : 0,
            "width_untrim" : 200,
            "height_untrim" : 200,
            "pivotX"        : 0.5,
            "pivotY"        : 0.5
        },
        "000_i00_Glow_200_200_24_00330" : {
            "x" : 585,
            "y" : 1015,
            "w" : 186,
            "h" : 198,
            "x_shift" : 14,
            "y_shift" : 2,
            "width_untrim" : 200,
            "height_untrim" : 200,
            "pivotX"        : 0.5,
            "pivotY"        : 0.5
        },
        "000_i00_Glow_200_200_24_00331" : {
            "x" : 587,
            "y" : 1221,
            "w" : 184,
            "h" : 197,
            "x_shift" : 16,
            "y_shift" : 3,
            "width_untrim" : 200,
            "height_untrim" : 200,
            "pivotX"        : 0.5,
            "pivotY"        : 0.5
        },
        "000_i00_Glow_200_200_24_00350" : {
            "x" : 591,
            "y" : 1423,
            "w" : 183,
            "h" : 197,
            "x_shift" : 17,
            "y_shift" : 3,
            "width_untrim" : 200,
            "height_untrim" : 200,
            "pivotX"        : 0.5,
            "pivotY"        : 0.5
        },
        "000_i00_Glow_200_200_24_00318" : {
            "x" : 593,
            "y" : 815,
            "w" : 186,
            "h" : 196,
            "x_shift" : 14,
            "y_shift" : 3,
            "width_untrim" : 200,
            "height_untrim" : 200,
            "pivotX"        : 0.5,
            "pivotY"        : 0.5
        },
        "000_i00_Glow_200_200_24_00332" : {
            "x" : 596,
            "y" : 615,
            "w" : 182,
            "h" : 196,
            "x_shift" : 18,
            "y_shift" : 4,
            "width_untrim" : 200,
            "height_untrim" : 200,
            "pivotX"        : 0.5,
            "pivotY"        : 0.5
        },
        "000_i00_Glow_200_200_24_00319" : {
            "x" : 782,
            "y" : 616,
            "w" : 188,
            "h" : 195,
            "x_shift" : 12,
            "y_shift" : 2,
            "width_untrim" : 200,
            "height_untrim" : 200,
            "pivotX"        : 0.5,
            "pivotY"        : 0.5
        },
        "000_i00_Glow_200_200_24_00364" : {
            "x" : 788,
            "y" : 418,
            "w" : 185,
            "h" : 194,
            "x_shift" : 15,
            "y_shift" : 3,
            "width_untrim" : 200,
            "height_untrim" : 200,
            "pivotX"        : 0.5,
            "pivotY"        : 0.5
        },
        "000_i00_Glow_200_200_24_00349" : {
            "x" : 789,
            "y" : 220,
            "w" : 182,
            "h" : 194,
            "x_shift" : 18,
            "y_shift" : 6,
            "width_untrim" : 200,
            "height_untrim" : 200,
            "pivotX"        : 0.5,
            "pivotY"        : 0.5
        },
        "000_i00_Glow_200_200_24_00317" : {
            "x" : 907,
            "y" : 24,
            "w" : 184,
            "h" : 192,
            "x_shift" : 15,
            "y_shift" : 5,
            "width_untrim" : 200,
            "height_untrim" : 200,
            "pivotX"        : 0.5,
            "pivotY"        : 0.5
        },
        "000_i00_Glow_200_200_24_00334" : {
            "x" : 975,
            "y" : 222,
            "w" : 180,
            "h" : 192,
            "x_shift" : 20,
            "y_shift" : 8,
            "width_untrim" : 200,
            "height_untrim" : 200,
            "pivotX"        : 0.5,
            "pivotY"        : 0.5
        },
        "000_i00_Glow_200_200_24_00333" : {
            "x" : 1095,
            "y" : 26,
            "w" : 178,
            "h" : 192,
            "x_shift" : 22,
            "y_shift" : 8,
            "width_untrim" : 200,
            "height_untrim" : 200,
            "pivotX"        : 0.5,
            "pivotY"        : 0.5
        },
        "000_i00_Glow_200_200_24_00348" : {
            "x" : 1277,
            "y" : 1429,
            "w" : 178,
            "h" : 191,
            "x_shift" : 22,
            "y_shift" : 9,
            "width_untrim" : 200,
            "height_untrim" : 200,
            "pivotX"        : 0.5,
            "pivotY"        : 0.5
        },
        "000_i00_Glow_200_200_24_00343" : {
            "x" : 1459,
            "y" : 1449,
            "w" : 161,
            "h" : 171,
            "x_shift" : 32,
            "y_shift" : 20,
            "width_untrim" : 200,
            "height_untrim" : 200,
            "pivotX"        : 0.5,
            "pivotY"        : 0.5
        },
        "000_i00_Glow_200_200_24_00340" : {
            "x" : 1459,
            "y" : 1273,
            "w" : 159,
            "h" : 172,
            "x_shift" : 34,
            "y_shift" : 19,
            "width_untrim" : 200,
            "height_untrim" : 200,
            "pivotX"        : 0.5,
            "pivotY"        : 0.5
        },
        "000_i00_Glow_200_200_24_00366" : {
            "x" : 1277,
            "y" : 1240,
            "w" : 177,
            "h" : 185,
            "x_shift" : 20,
            "y_shift" : 7,
            "width_untrim" : 200,
            "height_untrim" : 200,
            "pivotX"        : 0.5,
            "pivotY"        : 0.5
        },
        "000_i00_Glow_200_200_24_00311" : {
            "x" : 1458,
            "y" : 1100,
            "w" : 162,
            "h" : 169,
            "x_shift" : 29,
            "y_shift" : 15,
            "width_untrim" : 200,
            "height_untrim" : 200,
            "pivotX"        : 0.5,
            "pivotY"        : 0.5
        },
        "000_i00_Glow_200_200_24_00315" : {
            "x" : 1277,
            "y" : 1054,
            "w" : 174,
            "h" : 182,
            "x_shift" : 22,
            "y_shift" : 8,
            "width_untrim" : 200,
            "height_untrim" : 200,
            "pivotX"        : 0.5,
            "pivotY"        : 0.5
        },
        "000_i00_Glow_200_200_24_00370" : {
            "x" : 1455,
            "y" : 927,
            "w" : 164,
            "h" : 169,
            "x_shift" : 27,
            "y_shift" : 16,
            "width_untrim" : 200,
            "height_untrim" : 200,
            "pivotX"        : 0.5,
            "pivotY"        : 0.5
        },
        "000_i00_Glow_200_200_24_00367" : {
            "x" : 1277,
            "y" : 871,
            "w" : 174,
            "h" : 179,
            "x_shift" : 22,
            "y_shift" : 11,
            "width_untrim" : 200,
            "height_untrim" : 200,
            "pivotX"        : 0.5,
            "pivotY"        : 0.5
        },
        "000_i00_Glow_200_200_24_00339" : {
            "x" : 1455,
            "y" : 747,
            "w" : 163,
            "h" : 176,
            "x_shift" : 31,
            "y_shift" : 18,
            "width_untrim" : 200,
            "height_untrim" : 200,
            "pivotX"        : 0.5,
            "pivotY"        : 0.5
        },
        "000_i00_Glow_200_200_24_00345" : {
            "x" : 1277,
            "y" : 687,
            "w" : 171,
            "h" : 180,
            "x_shift" : 27,
            "y_shift" : 16,
            "width_untrim" : 200,
            "height_untrim" : 200,
            "pivotX"        : 0.5,
            "pivotY"        : 0.5
        },
        "000_i00_Glow_200_200_24_00344" : {
            "x" : 1452,
            "y" : 568,
            "w" : 168,
            "h" : 175,
            "x_shift" : 30,
            "y_shift" : 17,
            "width_untrim" : 200,
            "height_untrim" : 200,
            "pivotX"        : 0.5,
            "pivotY"        : 0.5
        },
        "000_i00_Glow_200_200_24_00313" : {
            "x" : 1277,
            "y" : 507,
            "w" : 171,
            "h" : 176,
            "x_shift" : 25,
            "y_shift" : 11,
            "width_untrim" : 200,
            "height_untrim" : 200,
            "pivotX"        : 0.5,
            "pivotY"        : 0.5
        },
        "000_i00_Glow_200_200_24_00312" : {
            "x" : 1452,
            "y" : 392,
            "w" : 168,
            "h" : 172,
            "x_shift" : 25,
            "y_shift" : 14,
            "width_untrim" : 200,
            "height_untrim" : 200,
            "pivotX"        : 0.5,
            "pivotY"        : 0.5
        },
        "000_i00_Glow_200_200_24_00341" : {
            "x" : 1159,
            "y" : 222,
            "w" : 155,
            "h" : 166,
            "x_shift" : 36,
            "y_shift" : 22,
            "width_untrim" : 200,
            "height_untrim" : 200,
            "pivotX"        : 0.5,
            "pivotY"        : 0.5
        },
        "000_i00_Glow_200_200_24_00346" : {
            "x" : 1277,
            "y" : 33,
            "w" : 169,
            "h" : 185,
            "x_shift" : 27,
            "y_shift" : 13,
            "width_untrim" : 200,
            "height_untrim" : 200,
            "pivotX"        : 0.5,
            "pivotY"        : 0.5
        },
        "000_i00_Glow_200_200_24_00337" : {
            "x" : 1450,
            "y" : 207,
            "w" : 170,
            "h" : 181,
            "x_shift" : 28,
            "y_shift" : 14,
            "width_untrim" : 200,
            "height_untrim" : 200,
            "pivotX"        : 0.5,
            "pivotY"        : 0.5
        },
        "000_i00_Glow_200_200_24_00314" : {
            "x" : 1450,
            "y" : 25,
            "w" : 169,
            "h" : 178,
            "x_shift" : 24,
            "y_shift" : 10,
            "width_untrim" : 200,
            "height_untrim" : 200,
            "pivotX"        : 0.5,
            "pivotY"        : 0.5
        },
        "000_i00_Glow_200_200_24_00369" : {
            "x" : 977,
            "y" : 1448,
            "w" : 168,
            "h" : 172,
            "x_shift" : 25,
            "y_shift" : 13,
            "width_untrim" : 200,
            "height_untrim" : 200,
            "pivotX"        : 0.5,
            "pivotY"        : 0.5
        },
        "000_i00_Glow_200_200_24_00368" : {
            "x" : 783,
            "y" : 1443,
            "w" : 167,
            "h" : 177,
            "x_shift" : 25,
            "y_shift" : 11,
            "width_untrim" : 200,
            "height_untrim" : 200,
            "pivotX"        : 0.5,
            "pivotY"        : 0.5
        },
        "000_i00_Glow_200_200_24_00338" : {
            "x" : 977,
            "y" : 1268,
            "w" : 166,
            "h" : 176,
            "x_shift" : 29,
            "y_shift" : 17,
            "width_untrim" : 200,
            "height_untrim" : 200,
            "pivotX"        : 0.5,
            "pivotY"        : 0.5
        },
        "000_i00_Glow_200_200_24_00342" : {
            "x" : 783,
            "y" : 1268,
            "w" : 156,
            "h" : 171,
            "x_shift" : 34,
            "y_shift" : 21,
            "width_untrim" : 200,
            "height_untrim" : 200,
            "pivotX"        : 0.5,
            "pivotY"        : 0.5
        }
    }
}