
{
    "version" : "2.4-63",
    "entries" : {
        "star_payoff_00503" : {
            "x" : 2,
            "y" : 1568,
            "w" : 304,
            "h" : 170,
            "x_shift" : 0,
            "y_shift" : 0,
            "width_untrim" : 304,
            "height_untrim" : 170,
            "pivotX"        : 0.5,
            "pivotY"        : 0.5
        },
        "star_payoff_00504" : {
            "x" : 310,
            "y" : 1568,
            "w" : 304,
            "h" : 170,
            "x_shift" : 0,
            "y_shift" : 0,
            "width_untrim" : 304,
            "height_untrim" : 170,
            "pivotX"        : 0.5,
            "pivotY"        : 0.5
        },
        "star_payoff_00502" : {
            "x" : 618,
            "y" : 1568,
            "w" : 303,
            "h" : 170,
            "x_shift" : 1,
            "y_shift" : 0,
            "width_untrim" : 304,
            "height_untrim" : 170,
            "pivotX"        : 0.5,
            "pivotY"        : 0.5
        },
        "star_payoff_00505" : {
            "x" : 925,
            "y" : 1568,
            "w" : 303,
            "h" : 170,
            "x_shift" : 1,
            "y_shift" : 0,
            "width_untrim" : 304,
            "height_untrim" : 170,
            "pivotX"        : 0.5,
            "pivotY"        : 0.5
        },
        "star_payoff_00506" : {
            "x" : 1232,
            "y" : 1568,
            "w" : 303,
            "h" : 170,
            "x_shift" : 1,
            "y_shift" : 0,
            "width_untrim" : 304,
            "height_untrim" : 170,
            "pivotX"        : 0.5,
            "pivotY"        : 0.5
        },
        "p2-3_mayor_blink_47_23_24_00562" : {
            "x" : 1539,
            "y" : 1715,
            "w" : 47,
            "h" : 23,
            "x_shift" : 0,
            "y_shift" : 0,
            "width_untrim" : 47,
            "height_untrim" : 23,
            "pivotX"        : 0.5,
            "pivotY"        : 0.5
        },
        "p2-3_chase_blink_33_28_24_00534" : {
            "x" : 1590,
            "y" : 1710,
            "w" : 33,
            "h" : 28,
            "x_shift" : 0,
            "y_shift" : 0,
            "width_untrim" : 33,
            "height_untrim" : 28,
            "pivotX"        : 0.5,
            "pivotY"        : 0.5
        },
        "star_payoff_00466"               : {
            "x" : 1539,
            "y" : 1710,
            "w" : 1,
            "h" : 1,
            "x_shift" : 0,
            "y_shift" : 0,
            "width_untrim" : 304,
            "height_untrim" : 170,
            "pivotX"        : 0.5,
            "pivotY"        : 0.5
        },
        "star_payoff_00516"               : {
            "x" : 1539,
            "y" : 1710,
            "w" : 1,
            "h" : 1,
            "x_shift" : 0,
            "y_shift" : 0,
            "width_untrim" : 304,
            "height_untrim" : 170,
            "pivotX"        : 0.5,
            "pivotY"        : 0.5
        },
        "star_payoff_00501"               : {
            "x" : 2,
            "y" : 1394,
            "w" : 302,
            "h" : 170,
            "x_shift" : 2,
            "y_shift" : 0,
            "width_untrim" : 304,
            "height_untrim" : 170,
            "pivotX"        : 0.5,
            "pivotY"        : 0.5
        },
        "star_payoff_00500"               : {
            "x" : 308,
            "y" : 1394,
            "w" : 299,
            "h" : 170,
            "x_shift" : 5,
            "y_shift" : 0,
            "width_untrim" : 304,
            "height_untrim" : 170,
            "pivotX"        : 0.5,
            "pivotY"        : 0.5
        },
        "star_payoff_00499"               : {
            "x" : 611,
            "y" : 1394,
            "w" : 297,
            "h" : 170,
            "x_shift" : 7,
            "y_shift" : 0,
            "width_untrim" : 304,
            "height_untrim" : 170,
            "pivotX"        : 0.5,
            "pivotY"        : 0.5
        },
        "star_payoff_00489"               : {
            "x" : 912,
            "y" : 1394,
            "w" : 295,
            "h" : 170,
            "x_shift" : 9,
            "y_shift" : 0,
            "width_untrim" : 304,
            "height_untrim" : 170,
            "pivotX"        : 0.5,
            "pivotY"        : 0.5
        },
        "star_payoff_00498"               : {
            "x" : 1211,
            "y" : 1394,
            "w" : 295,
            "h" : 170,
            "x_shift" : 9,
            "y_shift" : 0,
            "width_untrim" : 304,
            "height_untrim" : 170,
            "pivotX"        : 0.5,
            "pivotY"        : 0.5
        },
        "ButtonMap_grid"                  : {
            "x" : 1510,
            "y" : 1449,
            "w" : 230,
            "h" : 115,
            "x_shift" : 0,
            "y_shift" : 0,
            "width_untrim" : 230,
            "height_untrim" : 115,
            "pivotX"        : 0.5,
            "pivotY"        : 0.5
        },
        "star_payoff_00488"               : {
            "x" : 2,
            "y" : 1220,
            "w" : 294,
            "h" : 170,
            "x_shift" : 10,
            "y_shift" : 0,
            "width_untrim" : 304,
            "height_untrim" : 170,
            "pivotX"        : 0.5,
            "pivotY"        : 0.5
        },
        "star_payoff_00490"               : {
            "x" : 2,
            "y" : 1046,
            "w" : 294,
            "h" : 170,
            "x_shift" : 10,
            "y_shift" : 0,
            "width_untrim" : 304,
            "height_untrim" : 170,
            "pivotX"        : 0.5,
            "pivotY"        : 0.5
        },
        "star_payoff_00497"               : {
            "x" : 2,
            "y" : 872,
            "w" : 294,
            "h" : 170,
            "x_shift" : 10,
            "y_shift" : 0,
            "width_untrim" : 304,
            "height_untrim" : 170,
            "pivotX"        : 0.5,
            "pivotY"        : 0.5
        },
        "star_payoff_00508"               : {
            "x" : 2,
            "y" : 698,
            "w" : 294,
            "h" : 170,
            "x_shift" : 10,
            "y_shift" : 0,
            "width_untrim" : 304,
            "height_untrim" : 170,
            "pivotX"        : 0.5,
            "pivotY"        : 0.5
        },
        "star_payoff_00509"               : {
            "x" : 2,
            "y" : 524,
            "w" : 294,
            "h" : 170,
            "x_shift" : 10,
            "y_shift" : 0,
            "width_untrim" : 304,
            "height_untrim" : 170,
            "pivotX"        : 0.5,
            "pivotY"        : 0.5
        },
        "star_payoff_00510"               : {
            "x" : 2,
            "y" : 350,
            "w" : 294,
            "h" : 170,
            "x_shift" : 10,
            "y_shift" : 0,
            "width_untrim" : 304,
            "height_untrim" : 170,
            "pivotX"        : 0.5,
            "pivotY"        : 0.5
        },
        "star_payoff_00511"               : {
            "x" : 2,
            "y" : 176,
            "w" : 294,
            "h" : 170,
            "x_shift" : 10,
            "y_shift" : 0,
            "width_untrim" : 304,
            "height_untrim" : 170,
            "pivotX"        : 0.5,
            "pivotY"        : 0.5
        },
        "star_payoff_00513"               : {
            "x" : 2,
            "y" : 2,
            "w" : 294,
            "h" : 170,
            "x_shift" : 10,
            "y_shift" : 0,
            "width_untrim" : 304,
            "height_untrim" : 170,
            "pivotX"        : 0.5,
            "pivotY"        : 0.5
        },
        "star_payoff_00487"               : {
            "x" : 300,
            "y" : 1220,
            "w" : 293,
            "h" : 170,
            "x_shift" : 11,
            "y_shift" : 0,
            "width_untrim" : 304,
            "height_untrim" : 170,
            "pivotX"        : 0.5,
            "pivotY"        : 0.5
        },
        "star_payoff_00491"               : {
            "x" : 597,
            "y" : 1220,
            "w" : 293,
            "h" : 170,
            "x_shift" : 11,
            "y_shift" : 0,
            "width_untrim" : 304,
            "height_untrim" : 170,
            "pivotX"        : 0.5,
            "pivotY"        : 0.5
        },
        "star_payoff_00492"               : {
            "x" : 894,
            "y" : 1220,
            "w" : 293,
            "h" : 170,
            "x_shift" : 11,
            "y_shift" : 0,
            "width_untrim" : 304,
            "height_untrim" : 170,
            "pivotX"        : 0.5,
            "pivotY"        : 0.5
        },
        "star_payoff_00507"               : {
            "x" : 1191,
            "y" : 1220,
            "w" : 293,
            "h" : 170,
            "x_shift" : 11,
            "y_shift" : 0,
            "width_untrim" : 304,
            "height_untrim" : 170,
            "pivotX"        : 0.5,
            "pivotY"        : 0.5
        },
        "star_payoff_00486"               : {
            "x" : 300,
            "y" : 1046,
            "w" : 292,
            "h" : 170,
            "x_shift" : 12,
            "y_shift" : 0,
            "width_untrim" : 304,
            "height_untrim" : 170,
            "pivotX"        : 0.5,
            "pivotY"        : 0.5
        },
        "star_payoff_00496"               : {
            "x" : 596,
            "y" : 1046,
            "w" : 292,
            "h" : 170,
            "x_shift" : 12,
            "y_shift" : 0,
            "width_untrim" : 304,
            "height_untrim" : 170,
            "pivotX"        : 0.5,
            "pivotY"        : 0.5
        },
        "star_payoff_00512"               : {
            "x" : 892,
            "y" : 1046,
            "w" : 292,
            "h" : 170,
            "x_shift" : 12,
            "y_shift" : 0,
            "width_untrim" : 304,
            "height_untrim" : 170,
            "pivotX"        : 0.5,
            "pivotY"        : 0.5
        },
        "star_payoff_00514"               : {
            "x" : 1188,
            "y" : 1047,
            "w" : 291,
            "h" : 169,
            "x_shift" : 9,
            "y_shift" : 0,
            "width_untrim" : 304,
            "height_untrim" : 170,
            "pivotX"        : 0.5,
            "pivotY"        : 0.5
        },
        "star_payoff_00485"               : {
            "x" : 1188,
            "y" : 873,
            "w" : 290,
            "h" : 170,
            "x_shift" : 14,
            "y_shift" : 0,
            "width_untrim" : 304,
            "height_untrim" : 170,
            "pivotX"        : 0.5,
            "pivotY"        : 0.5
        },
        "star_payoff_00495"               : {
            "x" : 300,
            "y" : 872,
            "w" : 290,
            "h" : 170,
            "x_shift" : 14,
            "y_shift" : 0,
            "width_untrim" : 304,
            "height_untrim" : 170,
            "pivotX"        : 0.5,
            "pivotY"        : 0.5
        },
        "star_payoff_00484"               : {
            "x" : 594,
            "y" : 872,
            "w" : 289,
            "h" : 170,
            "x_shift" : 15,
            "y_shift" : 0,
            "width_untrim" : 304,
            "height_untrim" : 170,
            "pivotX"        : 0.5,
            "pivotY"        : 0.5
        },
        "star_payoff_00515"               : {
            "x" : 887,
            "y" : 876,
            "w" : 289,
            "h" : 166,
            "x_shift" : 9,
            "y_shift" : 1,
            "width_untrim" : 304,
            "height_untrim" : 170,
            "pivotX"        : 0.5,
            "pivotY"        : 0.5
        },
        "star_payoff_00468"               : {
            "x" : 887,
            "y" : 702,
            "w" : 288,
            "h" : 170,
            "x_shift" : 16,
            "y_shift" : 0,
            "width_untrim" : 304,
            "height_untrim" : 170,
            "pivotX"        : 0.5,
            "pivotY"        : 0.5
        },
        "star_payoff_00469"               : {
            "x" : 1179,
            "y" : 699,
            "w" : 288,
            "h" : 170,
            "x_shift" : 16,
            "y_shift" : 0,
            "width_untrim" : 304,
            "height_untrim" : 170,
            "pivotX"        : 0.5,
            "pivotY"        : 0.5
        },
        "star_payoff_00470"               : {
            "x" : 300,
            "y" : 698,
            "w" : 288,
            "h" : 170,
            "x_shift" : 16,
            "y_shift" : 0,
            "width_untrim" : 304,
            "height_untrim" : 170,
            "pivotX"        : 0.5,
            "pivotY"        : 0.5
        },
        "star_payoff_00471"               : {
            "x" : 592,
            "y" : 698,
            "w" : 288,
            "h" : 170,
            "x_shift" : 16,
            "y_shift" : 0,
            "width_untrim" : 304,
            "height_untrim" : 170,
            "pivotX"        : 0.5,
            "pivotY"        : 0.5
        },
        "star_payoff_00472"               : {
            "x" : 884,
            "y" : 528,
            "w" : 288,
            "h" : 170,
            "x_shift" : 16,
            "y_shift" : 0,
            "width_untrim" : 304,
            "height_untrim" : 170,
            "pivotX"        : 0.5,
            "pivotY"        : 0.5
        },
        "star_payoff_00473"               : {
            "x" : 1176,
            "y" : 525,
            "w" : 288,
            "h" : 170,
            "x_shift" : 16,
            "y_shift" : 0,
            "width_untrim" : 304,
            "height_untrim" : 170,
            "pivotX"        : 0.5,
            "pivotY"        : 0.5
        },
        "star_payoff_00467"               : {
            "x" : 1468,
            "y" : 525,
            "w" : 283,
            "h" : 170,
            "x_shift" : 18,
            "y_shift" : 0,
            "width_untrim" : 304,
            "height_untrim" : 170,
            "pivotX"        : 0.5,
            "pivotY"        : 0.5
        },
        "star_payoff_00474"               : {
            "x" : 300,
            "y" : 524,
            "w" : 288,
            "h" : 170,
            "x_shift" : 16,
            "y_shift" : 0,
            "width_untrim" : 304,
            "height_untrim" : 170,
            "pivotX"        : 0.5,
            "pivotY"        : 0.5
        },
        "star_payoff_00475"               : {
            "x" : 592,
            "y" : 524,
            "w" : 288,
            "h" : 170,
            "x_shift" : 16,
            "y_shift" : 0,
            "width_untrim" : 304,
            "height_untrim" : 170,
            "pivotX"        : 0.5,
            "pivotY"        : 0.5
        },
        "star_payoff_00476"               : {
            "x" : 884,
            "y" : 354,
            "w" : 288,
            "h" : 170,
            "x_shift" : 16,
            "y_shift" : 0,
            "width_untrim" : 304,
            "height_untrim" : 170,
            "pivotX"        : 0.5,
            "pivotY"        : 0.5
        },
        "star_payoff_00477"               : {
            "x" : 300,
            "y" : 180,
            "w" : 288,
            "h" : 170,
            "x_shift" : 16,
            "y_shift" : 0,
            "width_untrim" : 304,
            "height_untrim" : 170,
            "pivotX"        : 0.5,
            "pivotY"        : 0.5
        },
        "star_payoff_00478"               : {
            "x" : 592,
            "y" : 350,
            "w" : 288,
            "h" : 170,
            "x_shift" : 16,
            "y_shift" : 0,
            "width_untrim" : 304,
            "height_untrim" : 170,
            "pivotX"        : 0.5,
            "pivotY"        : 0.5
        },
        "star_payoff_00479"               : {
            "x" : 300,
            "y" : 6,
            "w" : 288,
            "h" : 170,
            "x_shift" : 16,
            "y_shift" : 0,
            "width_untrim" : 304,
            "height_untrim" : 170,
            "pivotX"        : 0.5,
            "pivotY"        : 0.5
        },
        "star_payoff_00480"               : {
            "x" : 592,
            "y" : 176,
            "w" : 288,
            "h" : 170,
            "x_shift" : 16,
            "y_shift" : 0,
            "width_untrim" : 304,
            "height_untrim" : 170,
            "pivotX"        : 0.5,
            "pivotY"        : 0.5
        },
        "star_payoff_00481"               : {
            "x" : 592,
            "y" : 2,
            "w" : 288,
            "h" : 170,
            "x_shift" : 16,
            "y_shift" : 0,
            "width_untrim" : 304,
            "height_untrim" : 170,
            "pivotX"        : 0.5,
            "pivotY"        : 0.5
        },
        "star_payoff_00482"               : {
            "x" : 884,
            "y" : 180,
            "w" : 288,
            "h" : 170,
            "x_shift" : 16,
            "y_shift" : 0,
            "width_untrim" : 304,
            "height_untrim" : 170,
            "pivotX"        : 0.5,
            "pivotY"        : 0.5
        },
        "star_payoff_00483"               : {
            "x" : 884,
            "y" : 6,
            "w" : 288,
            "h" : 170,
            "x_shift" : 16,
            "y_shift" : 0,
            "width_untrim" : 304,
            "height_untrim" : 170,
            "pivotX"        : 0.5,
            "pivotY"        : 0.5
        },
        "star_payoff_00493"               : {
            "x" : 1176,
            "y" : 351,
            "w" : 288,
            "h" : 170,
            "x_shift" : 16,
            "y_shift" : 0,
            "width_untrim" : 304,
            "height_untrim" : 170,
            "pivotX"        : 0.5,
            "pivotY"        : 0.5
        },
        "star_payoff_00494"               : {
            "x" : 1176,
            "y" : 177,
            "w" : 288,
            "h" : 170,
            "x_shift" : 16,
            "y_shift" : 0,
            "width_untrim" : 304,
            "height_untrim" : 170,
            "pivotX"        : 0.5,
            "pivotY"        : 0.5
        }
    }
}