
{
    "version" : "2.4-61",
    "entries" : {
        "RoundA_Button10000477" : {
            "x" : 2,
            "y" : 113,
            "w" : 69,
            "h" : 54,
            "x_shift" : 7,
            "y_shift" : 9,
            "width_untrim" : 80,
            "height_untrim" : 80,
            "pivotX"        : 0.5,
            "pivotY"        : 0.5
        },
        "RoundA_Button10000479" : {
            "x" : 75,
            "y" : 113,
            "w" : 69,
            "h" : 54,
            "x_shift" : 7,
            "y_shift" : 9,
            "width_untrim" : 80,
            "height_untrim" : 80,
            "pivotX"        : 0.5,
            "pivotY"        : 0.5
        },
        "RoundA_Button10000482" : {
            "x" : 2,
            "y" : 57,
            "w" : 69,
            "h" : 52,
            "x_shift" : 7,
            "y_shift" : 9,
            "width_untrim" : 80,
            "height_untrim" : 80,
            "pivotX"        : 0.5,
            "pivotY"        : 0.5
        },
        "RoundA_Button10000484" : {
            "x" : 2,
            "y" : 2,
            "w" : 69,
            "h" : 51,
            "x_shift" : 7,
            "y_shift" : 9,
            "width_untrim" : 80,
            "height_untrim" : 80,
            "pivotX"        : 0.5,
            "pivotY"        : 0.5
        },
        "RoundA_Button10000485" : {
            "x" : 75,
            "y" : 59,
            "w" : 69,
            "h" : 50,
            "x_shift" : 7,
            "y_shift" : 9,
            "width_untrim" : 80,
            "height_untrim" : 80,
            "pivotX"        : 0.5,
            "pivotY"        : 0.5
        }
    }
}