
{
    "version" : "2.4-63",
    "entries" : {
        "309_i02_Idle50_00078" : {
            "x" : 2,
            "y" : 1083,
            "w" : 420,
            "h" : 221,
            "x_shift" : 0,
            "y_shift" : 0,
            "width_untrim" : 420,
            "height_untrim" : 225,
            "pivotX"        : 0.5,
            "pivotY"        : 0.5
        },
        "309_i02_Idle50_00074" : {
            "x" : 426,
            "y" : 1086,
            "w" : 420,
            "h" : 218,
            "x_shift" : 0,
            "y_shift" : 0,
            "width_untrim" : 420,
            "height_untrim" : 225,
            "pivotX"        : 0.5,
            "pivotY"        : 0.5
        },
        "309_i02_Idle50_00077" : {
            "x" : 850,
            "y" : 1087,
            "w" : 420,
            "h" : 217,
            "x_shift" : 0,
            "y_shift" : 0,
            "width_untrim" : 420,
            "height_untrim" : 225,
            "pivotX"        : 0.5,
            "pivotY"        : 0.5
        },
        "309_i02_Idle50_00079" : {
            "x" : 850,
            "y" : 866,
            "w" : 420,
            "h" : 217,
            "x_shift" : 0,
            "y_shift" : 0,
            "width_untrim" : 420,
            "height_untrim" : 225,
            "pivotX"        : 0.5,
            "pivotY"        : 0.5
        },
        "309_i02_Idle50_00073" : {
            "x" : 426,
            "y" : 866,
            "w" : 420,
            "h" : 216,
            "x_shift" : 0,
            "y_shift" : 0,
            "width_untrim" : 420,
            "height_untrim" : 225,
            "pivotX"        : 0.5,
            "pivotY"        : 0.5
        },
        "309_i02_Idle50_00075" : {
            "x" : 2,
            "y" : 864,
            "w" : 420,
            "h" : 215,
            "x_shift" : 0,
            "y_shift" : 0,
            "width_untrim" : 420,
            "height_untrim" : 225,
            "pivotX"        : 0.5,
            "pivotY"        : 0.5
        },
        "309_i02_Idle50_00072" : {
            "x" : 426,
            "y" : 648,
            "w" : 420,
            "h" : 214,
            "x_shift" : 0,
            "y_shift" : 0,
            "width_untrim" : 420,
            "height_untrim" : 225,
            "pivotX"        : 0.5,
            "pivotY"        : 0.5
        },
        "309_i02_Idle50_00069" : {
            "x" : 2,
            "y" : 648,
            "w" : 420,
            "h" : 212,
            "x_shift" : 0,
            "y_shift" : 0,
            "width_untrim" : 420,
            "height_untrim" : 225,
            "pivotX"        : 0.5,
            "pivotY"        : 0.5
        },
        "309_i02_Idle50_00070" : {
            "x" : 850,
            "y" : 650,
            "w" : 420,
            "h" : 212,
            "x_shift" : 0,
            "y_shift" : 0,
            "width_untrim" : 420,
            "height_untrim" : 225,
            "pivotX"        : 0.5,
            "pivotY"        : 0.5
        },
        "309_i02_Idle50_00071" : {
            "x" : 850,
            "y" : 434,
            "w" : 420,
            "h" : 212,
            "x_shift" : 0,
            "y_shift" : 0,
            "width_untrim" : 420,
            "height_untrim" : 225,
            "pivotX"        : 0.5,
            "pivotY"        : 0.5
        },
        "309_i02_Idle50_00076" : {
            "x" : 2,
            "y" : 218,
            "w" : 420,
            "h" : 212,
            "x_shift" : 0,
            "y_shift" : 0,
            "width_untrim" : 420,
            "height_untrim" : 225,
            "pivotX"        : 0.5,
            "pivotY"        : 0.5
        },
        "309_i02_Idle50_00080" : {
            "x" : 426,
            "y" : 432,
            "w" : 420,
            "h" : 212,
            "x_shift" : 0,
            "y_shift" : 0,
            "width_untrim" : 420,
            "height_untrim" : 225,
            "pivotX"        : 0.5,
            "pivotY"        : 0.5
        },
        "309_i02_Idle50_00081" : {
            "x" : 2,
            "y" : 2,
            "w" : 420,
            "h" : 212,
            "x_shift" : 0,
            "y_shift" : 0,
            "width_untrim" : 420,
            "height_untrim" : 225,
            "pivotX"        : 0.5,
            "pivotY"        : 0.5
        },
        "309_i02_Idle50_00082" : {
            "x" : 850,
            "y" : 218,
            "w" : 420,
            "h" : 212,
            "x_shift" : 0,
            "y_shift" : 0,
            "width_untrim" : 420,
            "height_untrim" : 225,
            "pivotX"        : 0.5,
            "pivotY"        : 0.5
        },
        "309_i02_Idle50_00083" : {
            "x" : 426,
            "y" : 216,
            "w" : 420,
            "h" : 212,
            "x_shift" : 0,
            "y_shift" : 0,
            "width_untrim" : 420,
            "height_untrim" : 225,
            "pivotX"        : 0.5,
            "pivotY"        : 0.5
        }
    }
}