
{
    "version" : "2.4-61",
    "entries" : {
        "meatball2_bounce_214_221_24_00012" : {
            "x" : 2,
            "y" : 440,
            "w" : 206,
            "h" : 172,
            "x_shift" : 7,
            "y_shift" : 16,
            "width_untrim" : 214,
            "height_untrim" : 221,
            "pivotX"        : 0.5,
            "pivotY"        : 0.5
        },
        "meatball2_bounce_214_221_24_00013" : {
            "x" : 212,
            "y" : 426,
            "w" : 199,
            "h" : 186,
            "x_shift" : 0,
            "y_shift" : 8,
            "width_untrim" : 214,
            "height_untrim" : 221,
            "pivotX"        : 0.5,
            "pivotY"        : 0.5
        },
        "meatball2_bounce_214_221_24_00010" : {
            "x" : 415,
            "y" : 417,
            "w" : 195,
            "h" : 195,
            "x_shift" : 9,
            "y_shift" : 14,
            "width_untrim" : 214,
            "height_untrim" : 221,
            "pivotX"        : 0.5,
            "pivotY"        : 0.5
        },
        "meatball2_bounce_214_221_24_00011" : {
            "x" : 2,
            "y" : 277,
            "w" : 195,
            "h" : 159,
            "x_shift" : 15,
            "y_shift" : 33,
            "width_untrim" : 214,
            "height_untrim" : 221,
            "pivotX"        : 0.5,
            "pivotY"        : 0.5
        },
        "meatball2_bounce_214_221_24_00009" : {
            "x" : 201,
            "y" : 231,
            "w" : 175,
            "h" : 191,
            "x_shift" : 19,
            "y_shift" : 28,
            "width_untrim" : 214,
            "height_untrim" : 221,
            "pivotX"        : 0.5,
            "pivotY"        : 0.5
        },
        "meatball2_bounce_214_221_24_00008" : {
            "x" : 2,
            "y" : 104,
            "w" : 155,
            "h" : 169,
            "x_shift" : 29,
            "y_shift" : 49,
            "width_untrim" : 214,
            "height_untrim" : 221,
            "pivotX"        : 0.5,
            "pivotY"        : 0.5
        },
        "meatball2_bounce_214_221_24_00004" : {
            "x" : 2,
            "y" : 8,
            "w" : 80,
            "h" : 92,
            "x_shift" : 78,
            "y_shift" : 85,
            "width_untrim" : 214,
            "height_untrim" : 221,
            "pivotX"        : 0.5,
            "pivotY"        : 0.5
        },
        "meatball2_bounce_214_221_24_00003" : {
            "x" : 86,
            "y" : 17,
            "w" : 75,
            "h" : 83,
            "x_shift" : 83,
            "y_shift" : 85,
            "width_untrim" : 214,
            "height_untrim" : 221,
            "pivotX"        : 0.5,
            "pivotY"        : 0.5
        },
        "meatball2_bounce_214_221_24_00005" : {
            "x" : 161,
            "y" : 121,
            "w" : 92,
            "h" : 106,
            "x_shift" : 67,
            "y_shift" : 85,
            "width_untrim" : 214,
            "height_untrim" : 221,
            "pivotX"        : 0.5,
            "pivotY"        : 0.5
        },
        "meatball2_bounce_214_221_24_00001" : {
            "x" : 165,
            "y" : 44,
            "w" : 75,
            "h" : 73,
            "x_shift" : 83,
            "y_shift" : 78,
            "width_untrim" : 214,
            "height_untrim" : 221,
            "pivotX"        : 0.5,
            "pivotY"        : 0.5
        },
        "meatball2_bounce_214_221_24_00000" : {
            "x" : 244,
            "y" : 45,
            "w" : 75,
            "h" : 72,
            "x_shift" : 83,
            "y_shift" : 70,
            "width_untrim" : 214,
            "height_untrim" : 221,
            "pivotX"        : 0.5,
            "pivotY"        : 0.5
        },
        "meatball2_bounce_214_221_24_00002" : {
            "x" : 257,
            "y" : 155,
            "w" : 75,
            "h" : 72,
            "x_shift" : 83,
            "y_shift" : 87,
            "width_untrim" : 214,
            "height_untrim" : 221,
            "pivotX"        : 0.5,
            "pivotY"        : 0.5
        },
        "meatball2_bounce_214_221_24_00007" : {
            "x" : 323,
            "y" : 2,
            "w" : 132,
            "h" : 149,
            "x_shift" : 43,
            "y_shift" : 62,
            "width_untrim" : 214,
            "height_untrim" : 221,
            "pivotX"        : 0.5,
            "pivotY"        : 0.5
        },
        "meatball2_bounce_214_221_24_00015" : {
            "x" : 336,
            "y" : 155,
            "w" : 75,
            "h" : 72,
            "x_shift" : 83,
            "y_shift" : 70,
            "width_untrim" : 214,
            "height_untrim" : 221,
            "pivotX"        : 0.5,
            "pivotY"        : 0.5
        },
        "meatball2_bounce_214_221_24_00014" : {
            "x" : 380,
            "y" : 257,
            "w" : 123,
            "h" : 156,
            "x_shift" : 83,
            "y_shift" : 1,
            "width_untrim" : 214,
            "height_untrim" : 221,
            "pivotX"        : 0.5,
            "pivotY"        : 0.5
        },
        "meatball2_bounce_214_221_24_00006" : {
            "x" : 459,
            "y" : 126,
            "w" : 110,
            "h" : 127,
            "x_shift" : 56,
            "y_shift" : 74,
            "width_untrim" : 214,
            "height_untrim" : 221,
            "pivotX"        : 0.5,
            "pivotY"        : 0.5
        }
    }
}