
{
    "version" : "2.4-63",
    "entries" : {
        "02-3_book_still" : {
            "x" : 2,
            "y" : 118,
            "w" : 221,
            "h" : 103,
            "x_shift" : 6,
            "y_shift" : 8,
            "width_untrim" : 231,
            "height_untrim" : 117,
            "pivotX"        : 0.5,
            "pivotY"        : 0.5
        },
        "RoundA_Button10000477" : {
            "x" : 2,
            "y" : 60,
            "w" : 69,
            "h" : 54,
            "x_shift" : 7,
            "y_shift" : 9,
            "width_untrim" : 80,
            "height_untrim" : 80,
            "pivotX"        : 0.5,
            "pivotY"        : 0.5
        },
        "RoundA_Button10000479" : {
            "x" : 2,
            "y" : 2,
            "w" : 69,
            "h" : 54,
            "x_shift" : 7,
            "y_shift" : 9,
            "width_untrim" : 80,
            "height_untrim" : 80,
            "pivotX"        : 0.5,
            "pivotY"        : 0.5
        },
        "RoundA_Button10000482" : {
            "x" : 75,
            "y" : 62,
            "w" : 69,
            "h" : 52,
            "x_shift" : 7,
            "y_shift" : 9,
            "width_untrim" : 80,
            "height_untrim" : 80,
            "pivotX"        : 0.5,
            "pivotY"        : 0.5
        },
        "RoundA_Button10000484" : {
            "x" : 148,
            "y" : 63,
            "w" : 69,
            "h" : 51,
            "x_shift" : 7,
            "y_shift" : 9,
            "width_untrim" : 80,
            "height_untrim" : 80,
            "pivotX"        : 0.5,
            "pivotY"        : 0.5
        },
        "RoundA_Button10000485" : {
            "x" : 148,
            "y" : 9,
            "w" : 69,
            "h" : 50,
            "x_shift" : 7,
            "y_shift" : 9,
            "width_untrim" : 80,
            "height_untrim" : 80,
            "pivotX"        : 0.5,
            "pivotY"        : 0.5
        }
    }
}